Workbook

Sheet 3차년도 전체요약
A1: 3차년도 예산 관리 현황
B2: 항목 | C2: 편성 금액 [천원] | F2: 변경 [천원] | H2: 변동폭 [천원] | I2: 사용률 | J2: 예측 사용률 | L2: 예정 사용 내용 (소진예정%)
C3: (25.01.07 기준) | F3: (현시점 26.01.12 기준) | I3: (현시점 26.01.12 기준) | J3: (완료시 26.02.28 기준)
B4: 인건비 | E4: 395131 | F4: ← | G4: =ROUND((예산!G5+예산!G27)/1000,0) -> 395131 | H4: (0) | I4: =(SUMIF('RCMS.260112'!$F$3:$F$1048576, "학생인건비", 'RCMS.260112'!$H$3:$H$1048576)+SUMIF('RCMS.260112'!$F$3:$F$1048576, "인건비",'RCMS.260112'!$H$3:$H$1048576)-예산!$P$5)/(예산!$G$5+예산!$G$27) -> 0.70206411 | J4: =SUM(예산!$G$5)/예산!$G$5 -> 1 | K4: Y | L4: 인건비 월별 순차지급 (7%) + 인센티브 (23%) 3차년도 종료후 일괄 지급
B5: 시설, 장비 | C5: =SUM(E5:E8) -> 1153591 | D5: 융합전공 | E5: 253329 | F5: ← | G5: =ROUND((SUM(예산!G70,예산!G80:G82))/1000,0) -> 253329 | H5: (0) | I5: =(SUMIF('RCMS.260112'!$F$3:$F$1048576, "연구시설·장비비", 'RCMS.260112'!$I$3:$I$1048576)-SUM(예산!G71:G75,예산!G77:G79)) / SUM(예산!G70,예산!G80:G82) -> 1.0001184 | J5: 1 | K5: G | L5: 11월 18일 컴공 GPU 3대 도입 완료 (100%)
D6: 첨융 | E6: 900262 | F6: ← | G6: =ROUND((SUM(예산!G71:G79,예산!G90))/1000,0) -> 900262 | H6: (0) | I6: =(SUMIF('RCMS.260112'!$F$3:$F$1048576, "연구시설·장비비", 'RCMS.260112'!$H$3:$H$1048576)-SUM(예산!$G$70,예산!$G$80:$G$82,예산!$P$27)) / SUM(예산!$G$71:$G$82,예산!$G$90) -> 0.60662231 | J6: 1 | K6: G | L6: 11월 18일 첨융 GPU 3대 + 11월 14일 프로브 스테이션, B1500 도입 완료 (39%)
K7: G | L7: 스위치매트릭스 : 11월 14일 도입 완료 (11%)
K8: Y | L8: ALD : 3.52억 최종계약 완료, 도입 진행 중 (39%)
B9: 연구재료비 | E9: 108040 | F9: ↓ | G9: =ROUND(예산!G98/1000,0) -> 72251 | H9: (Δ: -35,789) 1) | I9: =SUMIF('RCMS.260112'!$F$3:$F$1048576, "연구재료비", 'RCMS.260112'!$I$3:$I$1048576)/SUM(예산!$G$98,예산!$P$51) -> 0.98064281 | J9: =SUM(예산!$G$98,예산!$P$51)/SUM(예산!$G$98,예산!$P$51) -> 1 | K9: G | L9: 재료/공정처리비 지원 (2%)
B10: 연구활동비 | C10: =SUM(E10:E11) -> 1141222 | D10: 장학금 | E10: 636987 | F10: ← | G10: =ROUND(예산!G142/1000,0) -> 636987 | H10: (0) | I10: 0.42 | J10: =636987000/683000000 -> 0.93263104 | K10: Y | L10: 한호철 연구원 자료 반영 (26.01.07) - 예측사용률 반영
D11: 그 외 | E11: 504235 | F11: ↑ | G11: =ROUND(SUM(예산!G155,예산!G161,예산!G187,예산!G198,예산!G203,예산!G212,예산!G218,예산!G224,예산!G233,예산!G264,예산!G239)/1000,0) -> 540024 | H11: (Δ: +35,789) 1) | I11: =(SUMIFS('RCMS.260112'!$I$3:$I$1048576, 'RCMS.260112'!$F$3:$F$1048576, "연구활동비",'RCMS.260112'!$AG$3:$AG$1048576, "<>*장학금*"))/(예산!$G$130-예산!$G$142) -> 0.86537846 | J11: =(예산!$G$130-예산!$G$142+예산!$P$57-예산!I200)/(예산!$G$130-예산!$G$142+예산!$P$57) -> 1 | K11: Y | L11: 공정특강, 소모성 비용 (인쇄비, 수료증 등) (1%) 4차년도 GPU, EDA 용역 계약 (7%) 공정처리비 지원, 칩제작 지원 (6%)
B12: Total | E12: =SUM(E4:E11)+155600 -> 2953584 | F12: ← | G12: =ROUND(예산!G3/1000,0)+155600 -> 2953584 | H12: (0) | I12: =SUM(I4*G4,I5*G5,I6*G6,I9*G9,I10*G10,I11*G11,155600)/C18 -> 0.65494775 | J12: =G12/C18 -> 0.94909512 | L12: 간접비 포함 (전체사업비의 5%)
B13: 이월예정액 | E13: =3112000-E12 -> 158416 | G13: =3112000-G12 -> 158416 | H13: (0) | J13: =G13/C18 -> 0.050904884
B18: 총사업비 | C18: 3112000 | H18: 실제사용금액 | I18: =SUM(#REF!) -> #REF! | L18: =( SUMIF(#REF!, "연구시설·장비비",#REF!)-SUM(예산!$G$71:$G$79,예산!$P$27)+SUM(예산!$G$75,예산!$G$76)) -> #REF!
H19: 잔여금액 | I19: =예산!C3+예산!P3-'3차년도 전체요약'!I18 -> #REF! | L19: =SUMIFS(#REF!,#REF!, "연구활동비",#REF!, "*장학금*")/예산!$G$142 -> #REF!
L20: =SUM(I4*G4,I5*G5,I6*G6,I9*G9,I10*G10,I11*G11,155600) -> 2038197.4
O21: ↑
O22: ← | Q22: (Δ: +16,488)
O23: ←
O26: ←
O27: ←
O28: ↑ | P28: ↓
O29: ↓

Sheet RCMS기준사용현황
B1: 3차년도 예산 집행 현황
B2: 항목 | C2: 본예산 편성 금액 [천원] | F2: 사용률 | G2: 예측 사용률 | H2: 이월금 편성 금액 [천원] | I2: 사용률 | J2: 예측 사용률 | M2: 예정 사용 내용 (소진예정%)
F3: (25.11.30 RCMS 기준) | G3: (3차년도 완료시 26.02.28 기준) | I3: (25.11.30 RCMS 기준) | J3: (3차년도 완료시 26.02.28 기준)
B4: 인건비 | E4: =예산!$G5 -> 216130857 | F4: 0.351 | G4: 1 | H4: 4028892 | I4: 1 | J4: =SUM(예산!$G$5)/예산!$G$5 -> 1 | L4: G | M4: 월별 순차지금 (36%) 인센티브 (23%) 3차년도 종료후 일괄 지급
B5: 시설, 장비 | E5: 1302507390 | F5: 0.079 | G5: 0.979 | H5: 282398210 | I5: 0.66 | J5: =(예산!$G$83+예산!$G$90+예산!$P$27)/(예산!$G$67+예산!$P$27) -> 1 | L5: G | M5: ALD 제외 모든장비 도입완료, 검수 및 지출 절차 진행중 (57%) ALD 12월 말 도입예정 (22.6%) 컴공 세미나실 지원금 미사용 (1.8%)
B6: 연구재료비 | E6: 108039500 | F6: 0.622 | G6: 0.995 | H6: 1144000 | I6: 0 | J6: =SUM(예산!$G$98,예산!$P$51)/SUM(예산!$G$98,예산!$P$51) -> 1 | L6: Y | M6: 첨융 교육용 칩 제작 공정처리비 (32.5%) 재료/공정처리비 지원 (6%)
B7: 연구활동비 | E7: 1144554352 | F7: 0.717 | G7: 0.978 | H7: 198119549 | I7: 0.398 | J7: =(예산!$G$130-예산!$G$142+예산!$P$57-예산!G197)/(예산!$G$130-예산!$G$142+예산!$P$57) -> 1 | L7: G | M7: one-day 공정특강, 소모성 비용 (인쇄비, 수료증 등) (5.9%)
B8: 학생인건비 | E8: =186800000 -> 186800000 | F8: 1 | G8: =SUM(예산!$G$27)/예산!$G$27 -> 1 | H8: 0 | I8: - | J8: - | L8: G | M8: 풀링계좌 인건비 이체 완료, 변동사항 없음
B9: 간접비 | E9: 155600000 | F9: 1 | G9: =예산!$C$267/예산!$C$267 -> 1 | H9: 0 | I9: - | J9: - | L9: G | M9: 간접비 지출 완료
B10: Total | E10: =SUM(E4:E9) -> 3113632099 | F10: 0.453 | G10: =1-G12/E10 -> 0.98295462 | H10: =SUM(H4:H7) -> 485690651 | I10: 0.555 | J10: 1
M11: 미사용 예정 금액: 4차년도 협약이전 인건비 활용 등 (1.4%)
B12: 이월예정액 | G12: =E4*(1-G4)+E5*(1-G5)+E6*(1-G6)+E7*(1-G7)+E8*(1-G8)+E9*(1-G9) -> 53073048
B16: 총사업비 | C16: 2956400 | F16: =SUMIFS(#REF!,#REF!, "연구활동비",#REF!, "*장학금*") -> #REF! | I16: =예산!G142 -> 636987000
F17: =SUMIFS(#REF!,#REF!, "연구활동비",#REF!, "<>*장학금*") -> #REF! | I17: =(예산!G130-예산!G142) -> 540023574
F18: =SUMIF(#REF!, "연구재료비",#REF!) -> #REF!
O19: ↑
O20: ← | Q20: (Δ: +16,488)
O21: ←
O24: ←
O25: ←
O26: ↑ | P26: ↓
O27: ↓

Sheet 예산
A1: 3차년도 예산 | J1: 2차년도 이월금
B2: 직접비+간접비 | C2: =3050000000 + 62000000 -> 3112000000
A3: 1 | B3: 직접비 | C3: =C2*0.95 -> 2956400000 | F3: 현재까지 총액 | G3: =SUM(G5,G27,G67,G98,G130) -> 2797983630 | H3: =C3-G3 -> 158416370 | J3: 1 | K3: 직접비 | L3: 485690651 | O3: 현재까지 총액 | P3: =SUM(P5,P16,P27,P51,P57) -> 485690651 | Q3: =L3 -> 485690651 | R3: =Q3-P3 -> 0 | S3: =P3+G3+H3 -> 3442090651
Q4: 기준
A5: 1) | B5: 인건비 | G5: =SUM(G15,G20) -> 216130857 | J5: 1) | K5: 인건비 | P5: =P14 -> 4028892 | Q5: 4028892 | R5: =Q5-P5 -> 0
B6: 구분 | C6: 성명 | D6: 직위 | E6: 월 급여 | F6: 참여기간(개월) | G6: 금액(원) | H6: 전미자 선생님 7월 월급 기관부담금포함 1,047,560원 | K6: 구분 | L6: 성명 | M6: 직위 | N6: 월 급여 | O6: 참여기간(개월) | P6: 금액(원)
B7: 행정전담인력 | C7: 전미자 (25.5 - 25.7 중순) | D7: 행정원 | E7: 1815760 | F7: 2 | G7: =(E7*F7)+1192128+1047560 -> 5871208 | H7: 이월금에서 모자란 금액 1,192,128만큼 본예산에서 집행 | K7: 행정전담인력 | L7: 전미자 | M7: 행정원 | N7: 1815760 | O7: 2 | P7: =(N7*O7)-1223848+31720 -> 2439392 | Q7: 모자란 금액 1,192,128만큼 본예산에서 집행
C8: 강훈경 (25.4 - 25.6) | D8: 행정원 | E8: 1589500 | F8: 3 | G8: =E8*F8 -> 4768500 | L8: 강훈경 | M8: 행정원 | N8: 1589500 | O8: 1 | P8: =N8*O8 -> 1589500 | Q8: =-1223848+31720 -> -1192128
C9: 강훈경 (25.7 - 25.12) | D9: 행정원 | E9: =2450884 -> 2450884 | F9: 6 | G9: =E9*F9 -> 14705304
C10: 강훈경 (26.1 - 26.2) | D10: 행정원 | E10: =3267829 -> 3267829 | F10: 2 | G10: =E10*F10 -> 6535658
C11: 한호철 | D11: 행정원 | E11: 4668777 | F11: 8 | G11: =E11*F11 -> 37350216 | L11: 소계 | P11: =SUM(P7:P8) -> 4028892
C12: 권상미 | D12: 행정원 | E12: 4668777 | F12: 7 | G12: =E12*F12 -> 32681439
C13: 양수림 | D13: 행정원 | E13: 3476422 | F13: 6 | G13: =E13*F13 -> 20858532
C14: 소계 | G14: =SUM(G7:G13) -> 122770857 | K14: 합계 | P14: =SUM(P11) -> 4028892
B15: 합계 | G15: =SUM(G14) -> 122770857
J16: 2) | K16: 학생 인건비 | L16: =COUNT(#REF!,#REF!,#REF!) -> 0 | P16: 0
B17: 인센티브 | C17: (정부출연금의 3%이내)
B18: 구분 | C18: 산출내역 | G18: 금액(원)
B19: 참여교수 및 직원 | G19: =C2*0.03 -> 93360000
B20: 합계 | G20: =G19 -> 93360000
B22: 초과시수수당
B23: 구분 | C23: 산출내역 | G23: 금액(원)
B24: 참여교수 및 직원
B25: 합계
A27: 2) | B27: 학생 인건비 | C27: =COUNT(G29:G54,#REF!,G56:G63) -> 34 | G27: =SUM(G65) -> 179000000 | J27: 3) | K27: 연구시설장비비 | P27: =P32 -> 282398210 | Q27: 282398210 | R27: =Q27-P27 -> 0
B28: 구분 | C28: 성명 | D28: 직위 | E28: 월 급여 | F28: 참여기간(개월) | G28: 금액(원) | K28: 연구장비 구입 및 임차비
B29: 교육 TA | C29: 김성주 | D29: 멘토 TA | E29: 900000 | F29: 8 | G29: =E29*F29 -> 7200000 | H29: 1학기, 2학기만. 인건비 확보 위해 10 --> 90 증액 | K29: 품명 | L29: 용도 | M29: 단위 | N29: 수량 | O29: 단가(원) | P29: 현금(원)
C30: 이찬 | D30: 장비 TA | E30: 900000 | F30: 12 | G30: =E30*F30 -> 10800000 | K30: 첨단융합학부 | L30: GPU | N30: 1 | O30: 84348000 | P30: 95987810 | Q30: 모자란 금액 (84,348,000 - 95,987,810)만큼 본예산 | R30: =84348000*1-P30 -> -11639810
C31: 윤태현(이철호 교수님) | D31: 장비 TA | E31: 900000 | F31: 12 | G31: =E31*F31 -> 10800000 | L31: Pulse Module | N31: 3 | O31: 62136800 | P31: =N31*O31 -> 186410400 | Q31: 납품 지연 --> 심의, 계약은 완료되었으므로 이월 가능
C32: 김주현 | D32: 장비 TA | E32: 900000 | F32: 3 | G32: =E32*F32 -> 2700000 | H32: 3-5월 EDA 용역 공백기간 | K32: 합계 | P32: =SUM(P30:P31) -> 282398210
C33: 조형준 | D33: 장비 TA | E33: 900000 | F33: 3 | G33: =E33*F33 -> 2700000
C34: 류명현(컴공) | D34: GPU 관리 TA | E34: 900000 | F34: 12 | G34: =E34*F34 -> 10800000 | K34: 교육시설 설비 구축 및 개선
C35: 김지원(컴공) | D35: GPU 관리 TA | E35: 900000 | F35: 12 | G35: =E35*F35 -> 10800000 | K35: 구분 | L35: 품명 | M35: 규격 | N35: 수량 | O35: 단가(원) | P35: 현금(원)
C36: 황동호 | D36: 경진대회 TA | E36: 1300000 | F36: 1 | G36: =E36*F36 -> 1300000 | H36: 3차년도 교내경진대회 1달로 축소 (6월)
C37: 노혜리 | D37: 경진대회 TA | E37: 1300000 | F37: 1 | G37: =E37*F37 -> 1300000 | P37: =O37*N37 -> 0
C38: 정제승 | D38: 첨융 칩 설계 TA | E38: 900000 | F38: 6 | G38: =E38*F38 -> 5400000 | H38: 3 ~ 8월, 정규원 교수님 연구실 신입생 2명 | P38: =O38*N38 -> 0
C39: 김민선 | D39: 첨융 칩 설계 TA | E39: 900000 | F39: 6 | G39: =E39*F39 -> 5400000 | P39: =O39*N39 -> 0
C40: 고용예정 | D40: 특강 보조 TA | E40: 900000 | F40: 0 | G40: =E40*F40 -> 0
C41: 고용예정 | D41: 특강 보조 TA | E41: 900000 | F41: 0 | G41: =E41*F41 -> 0
C42: 고용예정 | D42: 특강 보조 TA | E42: 900000 | F42: 0 | G42: =E42*F42 -> 0 | H42: 9 ~ 12월 (추후 선발) | K42: 합계
C43: 고용예정 | D43: 특강 보조 TA | E43: 900000 | F43: 0 | G43: =E43*F43 -> 0
C44: 전찬희 | D44: 첨융 교육 TA | E44: 1200000 | F44: 3 | G44: =E44*F44 -> 3600000
C45: 안재훈 | D45: 첨융 교육 TA | E45: 1200000 | F45: 3 | G45: =E45*F45 -> 3600000
C46: 방서영 | D46: 첨융 교육 TA | E46: 1200000 | F46: 3 | G46: =E46*F46 -> 3600000 | K46: 환경구축비
C47: 정제승 | D47: 첨융 교육 TA | E47: 900000 | F47: 4 | G47: =E47*F47 -> 3600000 | K47: 구분 | L47: 산출내역 | P47: 금액(원)
C48: 김민선 | D48: 첨융 교육 TA | E48: 900000 | F48: 4 | G48: =E48*F48 -> 3600000 | P48: =O48*N48 -> 0
C49: 노우성 | D49: 첨융 교육 TA | E49: 900000 | F49: 4 | G49: =E49*F49 -> 3600000 | K49: 합계 | P49: =SUM(P48) -> 0
C50: 장지수 | D50: 첨융 교육 TA | E50: 900000 | F50: 4 | G50: =E50*F50 -> 3600000
C51: 신동빈 | D51: 첨융 교육 TA | E51: 900000 | F51: 4 | G51: =E51*F51 -> 3600000 | J51: 4) | K51: 연구재료비 | P51: =P55 -> 1144000 | Q51: 1144000 | R51: =Q51-P51 -> 0
C52: 장시원 | D52: 첨융 교육 TA | E52: 900000 | F52: 4 | G52: =E52*F52 -> 3600000 | K52: 재료비
C53: 한동인 | D53: 첨융 교육 TA | E53: 900000 | F53: 4 | G53: =E53*F53 -> 3600000 | K53: 품명 | L53: 용도 | M53: 단위 | N53: 수량 | O53: 단가 | P53: 현금(원)
C54: 남기백 | D54: 첨융 교육 TA | E54: 900000 | F54: 4 | G54: =E54*F54 -> 3600000 | K54: 화학생물공학부 교과목 기자재 | L54: 측정및공정실습 - 4인치 웨이퍼 | M54: ea | N54: 1 | O54: 1144000 | P54: =N54*O54 -> 1144000 | Q54: 프로브팁 제외 - 4인치 웨이퍼 배분 (남은 3,356,000원은 본예산)
C55: 소계 | G55: =SUM(G29:G54) -> 108800000 | K55: 합계 | P55: =SUM(P54) -> 1144000
B56: 행정 TA | C56: 안상민 | D56: 행정 | E56: 1300000 | F56: 12 | G56: =E56*F56 -> 15600000
C57: 유진일 | D57: 행정 | E57: 1300000 | F57: 0 | G57: =E57*F57 -> 0 | J57: 5) | K57: 연구활동비 | P57: =SUM(P62,P70,P84,P90,P97,P103,P136,P129) -> 198119549 | Q57: 198119549 | R57: =Q57-P57 -> 0
C58: 진명 | D58: 행정 | E58: 1300000 | F58: 12 | G58: =E58*F58 -> 15600000 | K58: 장학금
C59: 이주영 | D59: 행정 | E59: 1300000 | F59: 12 | G59: =E59*F59 -> 15600000 | K59: 구분 | L59: 산출내역 | N59: 수량 | O59: 단가 | P59: 금액(원)
C60: 소동혁 | D60: 행정 | E60: 1300000 | F60: 6 | G60: =E60*F60 -> 7800000 | H60: 실제 3달이나, 인건비 확보 위해 3 --> 12개월
C61: 한인상 | D61: 행정 | E61: 1300000 | F61: 9 | G61: =E61*F61 -> 11700000
C62: 오은석 | D62: 행정 | E62: 1300000 | F62: 0 | G62: =E62*F62 -> 0 | H62: 인건비 확보 위해 새로 추가 | K62: 합계 | P62: =SUM(P60:P61) -> 0
C63: 최환히찬 | D63: 행정 | E63: 1300000 | F63: 3 | G63: =E63*F63 -> 3900000 | H63: 삭제
C64: 소계 | G64: =SUM(G56:G63) -> 70200000 | K64: 출장비
B65: 합계 | G65: =SUM(G55,G64) -> 179000000 | K65: 구분 | L65: 산출내역 | P65: 금액(원)
K66: 국내출장
A67: 3) | B67: 연구시설장비비 | G67: =SUM(G83,G91,G96) -> 1153590740
B68: 연구장비 구입 및 임차비
B69: 품명 | C69: 용도 | D69: 단위 | E69: 수량 | F69: 단가(원) | G69: 현금(원)
B70: 컴퓨터공학부 | C70: GPU | E70: 3 | F70: 84348000 | G70: =F70*E70 -> 253044000 | H70: 9 --> 8 | K70: 합계 | P70: =SUM(P66:P69) -> 0
B71: 첨단융합학부 | C71: GPU | E71: 2 | F71: 84348000 | G71: =F71*E71 + R30 -> 157056190 | H71: (99,990,000 - 95,987,810)만큼 본예산 추가, 첨융 GPU 총 3대로 변경
C72: Hall measurement | E72: 1 | F72: 29920000 | G72: =F72*E72 -> 29920000 | K72: 연구인력 지원비
C73: probe station | E73: 1 | F73: 95705550 | G73: =F73*E73 -> 95705550 | H73: probe station: 86,850,000 + 조달청 수수료 B1500: 90,900,000 + 조달청 수수료 | K73: 구분 | L73: 산출내역 | P73: 금액(원)
C74: B1500 | E74: 1 | F74: 96997000 | G74: =F74*E74 -> 96997000 | K74: 국내 학회
C75: 스위치매트릭스 | E75: 1 | F75: 93575000 | G75: =F75*E75 -> 93575000
C76: ALD | E76: 1 | F76: 352000000 | G76: =F76*E76 -> 352000000 | H76: 352,000,000 으로 최종계약 예상 (2100만 감소)
C77: 광학 현미경 | E77: 1 | F77: 21990000 | G77: =F77*E77 -> 21990000
C78: Spin Coater | E78: 1 | F78: 8030000 | G78: =F78*E78 -> 8030000
C79: Elipsometer | E79: 1 | F79: 42988000 | G79: =F79*E79 -> 42988000 | H79: =SUM(G75:G79) -> 518583000
B80: 장비시설 장비비 | C80: 프로브스테이션 수리비 | E80: 1 | F80: 165000 | G80: =F80*E80 -> 165000
B81: 입찰 수수료 | C81: 입찰수수료 3건 (GPU, probe station, b1500) | E81: 3 | F81: 30000 | G81: =F81*E81 -> 90000
C82: 입찰수수료 1건 예정 (스위치매트릭스) | E82: 1 | F82: 30000 | G82: =F82*E82 -> 30000
B83: 합계 | G83: =SUM(G70:G82) -> 1151590740 | H83: 543,018,500 -> 실제구매가 352,000,000
K84: 합계 | P84: =SUM(P74:P83) -> 0
B86: 교육시설 설비 구축 및 개선 | K86: 연구활동 유지비
B87: 구분 | C87: 품명 | D87: 규격 | E87: 수량 | F87: 단가(원) | G87: 현금(원) | K87: 구분 | L87: 산출내역
B88: 개선 | C88: 컴퓨터공학부 세미나실 공사 | E88: 0 | F88: 20000000 | G88: =F88*E88 -> 0 | K88: EDA 용역 | L88: 18480000 | P88: 18480000 | Q88: 업체에서 서버 관리 --> 1년 단위 계약 | R88: 3월 ~ 내년2월 --> 이월금 사용 가능하면 바로 집행
B89: 구입 | C89: 컴퓨터공학부 세미나실 가구 및 기자재 | E89: 0 | F89: 8000000 | G89: =F89*E89 -> 0 | K89: GPU 용역 | L89: 21120000 | P89: 21120000
C90: 첨단융합학부 측정실, 서버실 가구 및 기자재 | E90: 1 | F90: 2000000 | G90: =F90*E90 -> 2000000 | H90: 측정실: 테이블1, 의자2 서버실: Rack | K90: 합계 | P90: =SUM(P88,P89) -> 39600000
B91: 합계 | G91: =SUM(G88:G90) -> 2000000
K92: 연구실 운영비
B93: 환경구축비 | K93: 구분 | L93: 산출내역 | P93: 금액(원)
B94: 구분 | C94: 산출내역 | G94: 금액(원) | K94: 사무용품비 | L94: 프린터 토너 | N94: 500000 | O94: 1 | P94: =N94*O94 -> 500000
G95: =F95*E95 -> 0 | L95: A4 용지 | N95: 50000 | O95: 1 | P95: =N95*O95 -> 50000
B96: 합계 | G96: =SUM(G95) -> 0 | L96: 기타 | N96: =69279-9250 -> 60029 | O96: 1 | P96: =N96*O96 -> 60029
K97: 합계 | P97: =SUM(P94:P96) -> 610029
A98: 4) | B98: 연구재료비 | G98: =SUM(G127) -> 72251459
B99: 재료비 | K99: 인쇄비
B100: 품명 | C100: 용도 | D100: 단위 | E100: 수량 | F100: 단가 | G100: 현금(원) | K100: 구분 | L100: 산출내역 | P100: 금액(원)
B101: 화학생물공학부 교과목 기자재 | C101: 측정및공정실습 - 4인치 웨이퍼 | D101: set | E101: 50 | F101: 84390.18 | G101: =F101*E101-1144000 -> 3075509 | H101: 450만원 중 1,144,000은 이월금에서 | K101: 인쇄비 및 제본비 | L101: 100 * 1500 | N101: 100 | O101: 1500 | P101: =N101*O101 -> 150000
B102: 첨단융합학부 교과목 기자재 | C102: FPGA실험보드및세트/'논리설계및실험' 교과목 실험 | D102: set | E102: 0 | F102: 462000 | G102: =F102*E102 -> 0
C103: 회로실험보드및세트/'기초회로이론' 교과목 실험 | D103: set | E103: 0 | F103: 152000 | G103: =F103*E103 -> 0 | K103: 합계 | P103: =SUM(P101:P102) -> 150000
...

Sheet 소진일정
A1: 3차년도 예산 집행예상내역 | O1: 일자별 누적 기록 | AD1: 3월 | AE1: 4월 | AF1: 5월 | AG1: 6월 | AH1: 7월 | AI1: 8월 | AJ1: 9월 | AK1: 10월 | AL1: 11월 | AM1: 12월 | AN1: 1월 | AO1: 2월 | AP1: 총계(=2,956,400,000 원) | AQ1: 예상이월금
A2: =예산!C3 -> 2956400000 | J2: = 예상 이월금 | O2: 날짜 | P2: 인건비 | R2: 학생인건비 | T2: 연구시설장비비 | V2: 연구재료비 | X2: 연구활동비 | Z2: 총계 | AD2: =SUMIF($G4:$G187, AD1, $H4:$H187) -> 14600000 | AE2: =SUMIF($G4:$G187, AE1, $H4:$H187) -> 17381628 | AF2: =SUMIF($G4:$G187, AF1, $H4:$H187) -> 75237443 | AG2: =SUMIF($G4:$G187, AG1, $H4:$H187) -> 31124560 | AH2: =SUMIF($G4:$G187, AH1, $H4:$H187) -> 429067730 | AI2: =SUMIF($G4:$G187, AI1, $H4:$H187) -> 36033827 | AJ2: =SUMIF($G4:$G187, AJ1, $H4:$H187) -> 258031129 | AK2: =SUMIF($G4:$G187, AK1, $H4:$H187) -> 231273623 | ... AO2: =SUMIF($G4:$G187, AO1, $H4:$H187) -> 436940689 | AP2: =SUM(AD2:AO2) -> 2744245126 | AQ2: =$A$2-$AP$2 -> 212154874
A3: 항목 | B3: 세목 | C3: 3차년도 예산 | D3: 세부집행 계획 | G3: 집행예상 월 | H3: 집행액 예정 금액 | I3: 집행일 | J3: 집행잔액 | K3: 집행률 | O3: 현황 | P3: =H18 -> 240639599 | Q3: =K18 -> 1.1133977 | R3: =H31 -> 186800000 | S3: =K31 -> 1.0435754 | T3: =H48 -> 1154900740 | U3: =K48 -> 1.0011356 | V3: =H68 -> 43226509 | W3: =K68 -> 0.5982787 | X3: =H197 -> 1141074289 | Y3: =K197 -> 0.96946817 | Z3: =H198 -> 2766641137 | AA3: =K198 -> 0.98879819 | AD3: =AD2/$A$2 -> 0.0049384386 | AE3: =AE2/$A$2+AD3 -> 0.010817761 | AF3: =AF2/$A$2+AE3 -> 0.036266767 | AG3: =AG2/$A$2+AF3 -> 0.046794626 | AH3: =AH2/$A$2+AG3 -> 0.19192645 | AI3: =AI2/$A$2+AH3 -> 0.20411487 | AJ3: =AJ2/$A$2+AI3 -> 0.29139369 | AK3: =AK2/$A$2+AJ3 -> 0.36962182 | AL3: =AL2/$A$2+AK3 -> 0.59505955 | ... AO3: =AO2/$A$2+AN3 -> 0.92823878 | AP3: =AP2/$A$2 -> 0.92823878 | AQ3: =AQ2/$A$2 -> 0.071761221
A4: 인건비 | B4: 직원인건비 | C4: =예산!G15 -> 122770857 | D4: 전미자 | E4: =예산!G7 -> 5871208 | G4: 4월 | H4: =1192128+예산!E8 -> 2781628 | I4: 45776 | O4: 45788 | P4: 2781628 | Q4: 0.015020954 | R4: 14600000 | S4: 0.071921182 | T4: 0 | U4: 0 | V4: 0 | W4: 0 | X4: 5500000 | Y4: 0.0044688636 | Z4: 22881628 | AA4: 0.0077396929
D5: 강훈경 | E5: =예산!G8 -> 4768500 | G5: 5월 | H5: =예산!E7+예산!E8 -> 3405260 | AD5: *장학금부분
D6: 강훈경 | E6: =예산!G9 -> 14705304 | G6: 6월 | H6: =SUM(예산!$E$7:$E$8) -> 3405260 | AD6: 3월 | AE6: 4월 | AF6: 5월 | AG6: 6월 | AH6: 7월 | AI6: 8월 | AJ6: 9월 | AK6: 10월 | AL6: 11월 | AM6: 12월 | AN6: 1월 | AO6: 2월 | AP6: 총계(=2,956,400,000 원)
D7: 한호철 | E7: =예산!G11 -> 37350216 | G7: 7월 | H7: =SUM(예산!$E$9:$E$11) -> 10387490 | AD7: =SUMIF($G$69:$G$113, AD$6, $H$69:$H$113) -> 0 | AE7: =SUMIF($G$69:$G$113, AE$6, $H$69:$H$113) -> 0 | AF7: =SUMIF($G$69:$G$113, AF$6, $H$69:$H$113) -> 6500000 | AG7: =SUMIF($G$69:$G$113, AG$6, $H$69:$H$113) -> 1000000 | AH7: =SUMIF($G$69:$G$113, AH$6, $H$69:$H$113) -> 207800000 | AI7: =SUMIF($G$69:$G$113, AI$6, $H$69:$H$113) -> 0 | AJ7: =SUMIF($G$69:$G$113, AJ$6, $H$69:$H$113) -> 2000000 | AK7: =SUMIF($G$69:$G$113, AK$6, $H$69:$H$113) -> 113838000 | ... AO7: =SUMIF($G$69:$G$113, AO$6, $H$69:$H$113) -> 310000000 | AP7: =SUM(AD7:AO7) -> 671838000
D8: 권상미 | E8: =예산!G12 -> 32681439 | G8: 8월 | H8: =SUM(예산!$E$9:$E$12)+1047560 -> 16103827 | AD8: =SUMIF($G$69:$G$113, AD$6, $H$69:$H$113) -> 0 | AE8: =SUMIF($G$69:$G$113, AE$6, $H$69:$H$113)+AD8 -> 0 | AF8: =SUMIF($G$69:$G$113, AF$6, $H$69:$H$113)+AE8 -> 6500000 | AG8: =SUMIF($G$69:$G$113, AG$6, $H$69:$H$113)+AF8 -> 7500000 | AH8: =SUMIF($G$69:$G$113, AH$6, $H$69:$H$113)+AG8 -> 215300000 | AI8: =SUMIF($G$69:$G$113, AI$6, $H$69:$H$113)+AH8 -> 215300000 | AJ8: =SUMIF($G$69:$G$113, AJ$6, $H$69:$H$113)+AI8 -> 217300000 | AK8: =SUMIF($G$69:$G$113, AK$6, $H$69:$H$113)+AJ8 -> 331138000 | AL8: =SUMIF($G$69:$G$113, AL$6, $H$69:$H$113)+AK8 -> 349838000 | ... AO8: =SUMIF($G$69:$G$113, AO$6, $H$69:$H$113)+AN8 -> 671838000
D9: 양수림 | E9: =예산!G13 -> 20858532 | G9: 9월 | H9: =SUM(예산!$E$9:$E$13) -> 18532689 | AD9: =AD7/$E$114 -> 0 | AE9: =AE7/$E$114+AD9 -> 0 | AF9: =AF7/$E$114+AE9 -> 0.01020429 | AG9: =AG7/$E$114+AF9 -> 0.011774181 | AH9: =AH7/$E$114+AG9 -> 0.33799748 | AI9: =AI7/$E$114+AH9 -> 0.33799748 | AJ9: =AJ7/$E$114+AI9 -> 0.34113726 | AK9: =AK7/$E$114+AJ9 -> 0.51985048 | AL9: =AL7/$E$114+AK9 -> 0.54920744 | ... AO9: =AO7/$E$114+AN9 -> 1.0547123 | AP9: =AP7/$A$2 -> 0.22724868
G10: 10월 | H10: =SUM(예산!$E$9:$E$13) -> 18532689
G11: 11월 | H11: =SUM(예산!$E$9:$E$13) -> 18532689
G12: 12월 | H12: =SUM(예산!$E$9:$E$13) -> 18532689
G13: 1월 | H13: =SUM(예산!$E$9:$E$13) -> 18532689
G14: 2월 | H14: =SUM(예산!$E$9:$E$13) -> 18532689
B15: 소계 | E15: =SUM(E4:E14) -> 116235199 | H15: =SUM(H4:H14) -> 147279599
B16: 인센티브 | C16: =예산!G20 -> 93360000 | G16: 2월 | H16: =C16 -> 93360000
B17: 소계 | E17: =$C16 -> 93360000 | H17: =SUM(H16) -> 93360000
A18: 소계 (인건비) | C18: =C4+C16 -> 216130857 | E18: =C18 -> 216130857 | H18: =H15+H17 -> 240639599 | K18: =H18/C18 -> 1.1133977
A19: 학생인건비 | B19: 학생인건비 | C19: =예산!G27 -> 179000000 | G19: 3월 | H19: =1300000*5+900000*9 -> 14600000 | I19: 45778
G20: 4월 | H20: =1300000*5+900000*9 -> 14600000
G21: 5월 | H21: =1300000*5+900000*9 -> 14600000
G22: 6월 | H22: =1300000*5+900000*7+1300000*2 -> 15400000
G23: 7월 | H23: =1300000*5+900000*6 -> 11900000
G24: 8월 | H24: =1300000*5+900000*6 -> 11900000
G25: 9월 | H25: =1300000*5+900000*16 -> 20900000
G26: 10월 | H26: =1300000*5+900000*16 -> 20900000
G27: 11월 | H27: =1300000*5+900000*16 -> 20900000
G28: 12월 | H28: =1300000*5+900000*16 -> 20900000
G29: 1월 | H29: =1300000*5+900000*4 -> 10100000
G30: 2월 | H30: =1300000*5+900000*4 -> 10100000
A31: 소계 (학생인건비) | C31: =C19 -> 179000000 | E31: =C31 -> 179000000 | H31: =SUM(H19:H30) -> 186800000 | K31: =H31/C31 -> 1.0435754
A32: 연구시설장비비 | B32: 연구시설 장비구입 및 임차비 | C32: GPU | D32: 융합전공 | E32: =예산!G70 -> 253044000 | G32: 11월 | H32: =E32 -> 253044000
D33: 첨융 | E33: =+예산!G71 -> 157056190 | G33: 11월 | H33: =E33 -> 157056190
C34: Hall measurement | E34: =예산!G72 -> 29920000 | G34: 7월 | H34: =E34 -> 29920000
C35: probe station | E35: =예산!G73 -> 95705550 | G35: 11월 | H35: =E35 -> 95705550
C36: B1500 | E36: =예산!G74 -> 96997000 | G36: 11월 | H36: =E36 -> 96997000 | J36: 9월까지의 장비 | K36: =SUM(H32:H36,H40:H41)/A2 -> 0.2241756
C37: ALD | E37: 352000000 | G37: 1월 | H37: =E37 -> 352000000
C38: 스위치매트릭스 | E38: 95000000 | G38: 1월 | H38: =E38 -> 95000000 | J38: 하반기 장비 | K38: =SUM(H37:H39)/A2 -> 0.16574144
C39: 엘립소미터 | E39: 42998000 | G39: 10월 | H39: =E39 -> 42998000
C40: 광학현미경 | E40: 22000000 | G40: 9월 | H40: =E40 -> 22000000
C41: 스핀코터 | E41: 8030000 | G41: 8월 | H41: =E41 -> 8030000
B42: 소계 | H42: =SUM(H32:H41) -> 1152750740
B43: 환경구축비 | C43: 컴퓨터공학부 세미나실 공사 | E43: =예산!G88 -> 0
C44: 컴퓨터공학부 세미나실 가구 및 기자재 | E44: =예산!G89 -> 0
C45: 첨단융합학부 측정실, 서버실 가구 및 기자재 | E45: =예산!G90 -> 2000000 | G45: 9월 | H45: =E45 -> 2000000
B46: 소계 | H46: =SUM(H43:H45) -> 2000000
B47: 수리비 | C47: 프로브스테이션 수리비 | E47: 150000 | G47: 9월 | H47: 150000
A48: 소계 (연구시설장비비) | C48: =예산!G67 -> 1153590740 | H48: =H42+H46+H47 -> 1154900740 | K48: =H48/C48 -> 1.0011356
A49: 연구재료비 | B49: 연구 재료비 | C49: 4인치 웨이퍼 | E49: =예산!$G101 -> 3075509 | G49: 5월 | H49: =예산!$G101 -> 3075509
C50: 첨단융합학부 측정 소모품 | E50: =예산!$G105+예산!$G106 -> 9608500 | G50: 6월 | H50: =예산!$G105+예산!$G106 -> 9608500
C51: 전기정보공학부 FPGA 보드 | E51: =예산!$G109 -> 19250000 | G51: 5월 | H51: =예산!$G109 -> 19250000
B53: 공정 수행 비용 | C53: 첨단융합학부 교육용 칩 제작비 | E53: =예산!$G107-10640000 -> -5023500 | G53: 11월 | H53: =E53 -> -5023500
E54: 10640000 | G54: 7월 | H54: =E54 -> 10640000
C55: 공정처리비 지원 | D55: 오세현 (강민구 교수님) | E55: =예산!$G110 -> 5676000 | G55: 9월 | H55: =예산!$G110 -> 5676000
H56: =예산!$G111 -> 1531200
H57: =예산!$G112 -> 935000
H58: =예산!$G113 -> 1873300
D59: 우인규 (이철호 교수님) | H59: =예산!$G114 -> 0
H60: =예산!$G115 -> 4664000
H61: =예산!$G117 -> 643500
H62: =예산!$G118 -> 1155000
H63: =예산!$G119 -> 1925000
D64: 박철진 (정규원 교수님) | H64: =예산!$G121 -> 964480
H65: =예산!$G122 -> 0
H66: =예산!$G123 -> 0
H67: =예산!$G124 -> 0
A68: 소계 (연구재료비) | C68: =예산!G98 -> 72251459 | H68: =SUM(H49:H55) -> 43226509 | K68: =H68/C68 -> 0.5982787
A69: 연구활동비 | B69: 우수장학금 | C69: 3월 우수장학금 | D69: 정유찬 | E69: 5500000 | G69: 5월 | H69: =E69 -> 5500000
C70: 글로벌 장학금 | D70: 오세현 | E70: 5000000 | G70: 7월 | H70: =E70 -> 5000000
D71: 이성빈 | E71: 5000000 | G71: 7월 | H71: =E71 -> 5000000
D72: 백채원 | E72: 800000 | G72: 7월 | H72: =E72 -> 800000
D73: 김호준 | E73: 2674000 | G73: 10월 | H73: =E73 -> 2674000
D74: 김민서 | E74: 2914000 | G74: 10월 | H74: =E74 -> 2914000
D75: 용승현 | E75: 4500000 | G75: 10월 | H75: =E75 -> 4500000
D76: 임혁준 | E76: 6000000 | G76: 12월 | H76: =E76 -> 6000000
D77: 안보성 | E77: 6000000 | G77: 1월 | H77: =E77 -> 6000000
C79: 교내솔버톤 우수장학금 | D79: 안보성 | E79: 3300000 | G79: 7월 | H79: =E79 -> 3300000
D80: 최호승 | E80: 3300000 | G80: 7월 | H80: =E80 -> 3300000
D81: 신연상 | E81: 800000 | G81: 7월 | H81: =E81 -> 800000
D82: 한동민 | E82: 2300000 | G82: 7월 | H82: =E82 -> 2300000
D83: 손동휘 | E83: 2300000 | G83: 7월 | H83: =E83 -> 2300000
C84: 부산워크샵 포스터 | D84: 참여 22명 | E84: =600000*22 -> 13200000 | G84: 11월 | H84: =E84 -> 13200000
D85: 최우수 1 | E85: 2000000 | G85: 11월 | H85: =E85 -> 2000000
D86: 우수 2 | E86: =2*1000000 -> 2000000 | G86: 11월 | H86: =E86 -> 2000000
D87: 장려 3 | E87: =3*500000 -> 1500000 | G87: 11월 | H87: =E87 -> 1500000
D88: 합 | E88: =SUM(E84:E87) -> 18700000 | G88: 11월
B89: 선발장학금 | C89: 반도체융합전공 선발장학금 14명 | D89: 14명 | E89: =14*1000000 -> 14000000 | G89: 10월 | H89: =E89 -> 14000000
C90: 첨단융합학부 선발장학금 67명 | D90: 67명 | E90: =67*1000000 -> 67000000 | G90: 10월 | H90: =E90 -> 67000000
C92: 반도체트랙 | D92: 허원석 | E92: 1000000 | G92: 5월 | H92: =E92 -> 1000000
C93: 논문장학금 | D93: 권오민 | E93: 1000000 | G93: 10월 | H93: =E93 -> 1000000
D94: 오경준 | E94: 1000000 | G94: 10월 | H94: =E94 -> 1000000
D95: 임혁준 | E95: 6000000 | G95: 10월 | H95: =E95 -> 6000000
D96: 안보성 | E96: 2000000 | G96: 10월 | H96: =E96 -> 2000000
D97: 미정 | E97: 2000000 | G97: 10월 | H97: =E97 -> 2000000
B99: 이수장학금 사전신청 | D99: 박정환 | E99: 6750000 | G99: 10월 | H99: =E99 -> 6750000
E100: 5000000 | H100: =E100 -> 5000000
E101: 4000000 | H101: =E101 -> 4000000
D102: 4 | G102: 2월 | H102: =E102 -> 0
B104: 산학협력장학금 | C104: 산학협력장학금 | D104: 최호승 | E104: 1000000 | G104: 6월 | H104: =E104 -> 1000000
D105: 신연상 | E105: 2000000 | G105: 9월 | H105: =E105 -> 2000000
...

Sheet 재정투자 계획 총괄표, 대응자금
A1: < 재정투자 계획 총괄표> (단위 : 백만원, %)
A2: 구 분 | B2: 정부출연금(A) | H2: 평균 | I2: 민간투자지원*
H3: 비율 | M3: 교육운영비 동영상 인센티브 1400 반공연 공정실습 1200 기업협업교과목 1200
B4: 1차년도 | C4: 이월금 | D4: 2차년도 | E4: 이월금 | F4: 3차년도 | G4: 4차년도 | H4: (%) | I4: 현금 | J4: 현물 | K4: 소계
B5: (‘23.3～’24.2) | D5: (‘24.3～’25.2) | F5: (‘25.3～’26.2) | G5: (‘26.3～’27.2) | I5: (a) | J5: (b) | K5: (a+b)
A6: 직접비 | B6: 4142 | C6: 1169.9 | D6: 3808.79 | E6: 485.69 | F6: =예산!C3/1000000 -> 2956.4 | G6: =F6 -> 2956.4 | H6: =(SUM(B6,D6,F6,G6) / $C$17)*100 -> 97.108327 | J6: - | W6: 2956.4
A7: 인건비 | B7: 223.5 | C7: 44.9 | D7: 209.73 | E7: 4.03 | F7: =예산!G5/1000000 -> 216.13086 | G7: =F7 -> 216.13086 | H7: =(SUM(B7,D7,F7,G7) / $C$17)*100 -> 6.0623873 | J7: - | W7: 214.5
A8: 학생인건비 | B8: 210.8 | C8: 0 | D8: 248.2 | E8: 0 | F8: =예산!G27/1000000 -> 179 | G8: =F8 -> 179 | H8: =(SUM(B8,D8,F8,G8) / $C$17)*100 -> 5.7227243 | J8: - | W8: 186.8
A9: 연구시설·장비비 | B9: 2134.71 | C9: 329 | D9: 2611.8 | E9: 282.4 | F9: =예산!G67/1000000 -> 1153.5907 | G9: =F9 -> 1153.5907 | H9: =(SUM(B9,D9,F9,G9) / $C$17)*100 -> 49.407995 | J9: - | W9: 1302.51
A10: 연구재료비 | B10: 168.86 | C10: 21.5 | D10: 19.19 | E10: 1.14 | F10: =예산!G98/1000000 -> 72.251459 | G10: =F10 -> 72.251459 | H10: =(SUM(B10,D10,F10,G10) / $C$17)*100 -> 2.3293864 | J10: - | O10: 4.91 | W10: 108.04
A11: 연구활동비 | B11: 1404.13 | C11: 774.5 | D11: 719.87 | E11: 198.12 | F11: =예산!G130/1000000 -> 1177.0106 | G11: =F11 -> 1177.0106 | H11: =(SUM(B11,D11,F11,G11) / $C$17)*100 -> 31.366561 | J11: - | O11: 6.48 | W11: 1144.55
A12: 소계 | B12: 4142 | C12: 1169.9 | D12: =SUM(D7:D11) -> 3808.79 | E12: =SUM(E7:E11) -> 485.69 | F12: =SUM(F7:F11) -> 2797.9836 | G12: =SUM(G7:G11) -> 2797.9836 | H12: =SUM(H7:H11) -> 94.889054 | J12: - | O12: 49.97 | W12: 2956.4
A13: 간접비 | B13: 218 | C13: 0 | D13: 200.46 | E13: 0 | F13: =예산!C267/1000000 -> 155.6 | G13: =F13 -> 155.6 | H13: =(SUM(B13,D13,F13,G13) / $C$17)*100 -> 5.1109462 | J13: - | O13: 3.06 | W13: 155.6
A14: 소계 | B14: 218 | C14: 0 | D14: 200.46 | E14: 0 | F14: =SUM(F13) -> 155.6 | G14: =F14 -> 155.6 | H14: =SUM(H13) -> 5.1109462 | J14: - | O14: 30.58 | W14: 155.6
A15: 합 계 | B15: 4360 | C15: 1169.9 | D15: =SUM(D12,D14) -> 4009.25 | E15: =SUM(E12,E14) -> 485.69 | F15: =SUM(F12,F14) -> 2953.5836 | G15: =SUM(G12,G14) -> 2953.5836 | H15: =SUM(H12,H14) -> 100 | J15: - | W15: 3112
A16: *이월금 포함
A17: 합계 총합 | C17: =SUM(B15,D15,F15,G15) -> 14276.417
A20: 구분 | C20: 삼성전자 | D20: sk하이닉스
A22: 인센티브 | C22: 4000000 | D22: 7000000 | E22: =SUM(C22:D22) -> 11000000 | G22: =SUM(C22:D28) -> 104005000 | H22: =SUM(G22,E29) -> 112630000
A23: 연구시설장비비 | C23: 3800000 | E23: =SUM(C23:D23) -> 3800000
A24: 연구활동비 | B24: 교육 운영비 | C24: 39000000 | E24: =SUM(C24:D24) -> 39000000 | F24: =SUM(E24:E28) -> 89205000
E25: =SUM(C25:D25) -> 0
B26: 출장비 | C26: 5000000 | D26: 7875000 | E26: =SUM(C26:D26) -> 12875000
B27: 행사운영비 | C27: 1000000 | D27: =17000000+13330000 -> 30330000 | E27: =SUM(C27:D27) -> 31330000
B28: 회의비 | C28: 6000000 | E28: =SUM(C28:D28) -> 6000000
A29: 간접비 | C29: 3000000 | D29: 5625000 | E29: =SUM(C29:D29) -> 8625000
J30: =37500000-24171200 -> 13328800
A31: 합계 | C31: =SUM(C22:C29) -> 61800000 | D31: =SUM(D22:D29) -> 50830000
A32: 5000+1180(이월금) | C32: 61800000 | D32: =37500000+13330000 -> 50830000 | E32: 3750+1333(이월금)
C33: =C32-C31 -> 0 | D33: =D32-D31 -> 0
A36: 행사운영비: 엔지니어링하우스에서 간담회 할때 대관료 대응자금

Sheet 3차년도 사업비 편성 총괄표
A1: < 3차년도 사업비 편성 총괄표> (단위 : 백만원, %)
A2: 구 분 | C2: 정부출연금 | D2: 비율 | E2: 이월금 | F2: 민간투자지원*
D3: (%) | F3: 현금(a) | G3: 현물(b) | H3: 소계(a+b)
A4: 인건비 | B4: 직원 인건비 | C4: =예산!G15/1000000 -> 122.77086 | D4: =(C4/$C$27)*100 -> 4.1566745 | E4: 4.03 | F4: 0 | H4: 0 | N4: 121.14
B5: 인센티브 | C5: =예산!G20/1000000 -> 93.36 | D5: =(C5/$C$27)*100 -> 3.1609059 | E5: 0 | F5: 10 | H5: 10 | N5: 93.36
A6: 소계 | C6: =SUM(C4,C5) -> 216.13086 | D6: =SUM(D4:D5) -> 7.3175804 | E6: =SUM(E4:E5) -> 4.03 | F6: =SUM(F4:F5) -> 10 | H6: =SUM(H4:H5) -> 10 | N6: 214.5
A7: 학생 인건비 | B7: 학생인건비 | C7: =예산!G65/1000000 -> 179 | D7: =(C7/$C$27)*100 -> 6.0604345 | E7: 0 | F7: 0 | H7: 0 | N7: 186.8
A8: 소계 | C8: =SUM(C7) -> 179 | D8: =SUM(D7) -> 6.0604345 | E8: 0 | F8: 0 | H8: 0 | N8: 186.8
A9: 연구시설 장비비 | B9: 연구장비 구입 및 임차비 | C9: =예산!G83/1000000 -> 1151.5907 | D9: =(C9/$C$27)*100 -> 38.98961 | E9: 282.4 | F9: 0 | H9: 0 | N9: 1272.51
B10: 교육시설 설비 구축 및 개선 | C10: =예산!G91/1000000 -> 2 | D10: =(C10/$C$27)*100 -> 0.067714351 | E10: 0 | F10: 3 | H10: 3 | N10: 30
A11: 연구 재료비 | B11: 재료비 | C11: =예산!G127/1000000 -> 72.251459 | D11: =(C11/$C$27)*100 -> 2.4462303 | E11: 1.14 | F11: 0 | H11: 0 | N11: 108.04
A12: 연구 활동비 | B12: 장학금 | C12: =예산!G142/1000000 -> 636.987 | D12: =(C12/$C$27)*100 -> 21.566581 | E12: 0 | F12: 0 | H12: 0 | N12: 678.99
B13: 출장비 | C13: =예산!G155/1000000 -> 2.984168 | D13: =(C13/$C$27)*100 -> 0.1010355 | E13: 0 | F13: 12.88 | H13: 12.88 | N13: 3.12
B14: 회의비 | C14: =예산!G161/1000000 -> 1.1741 | D14: =(C14/$C$27)*100 -> 0.03975171 | E14: 0 | F14: 5 | H14: 5 | N14: 0.58
B15: 연구인력 지원비 | C15: =예산!G187/1000000 -> 76.035185 | D15: =(C15/$C$27)*100 -> 2.5743366 | E15: 0 | F15: 0 | H15: 0 | N15: 77.07
B16: 연구활동 유지비 | C16: =예산!G239/1000000 -> 39.6 | D16: =(C16/$C$27)*100 -> 1.3407442 | E16: 39.6 | F16: 0 | H16: 0 | N16: 0
B17: 연구실 운영비 | C17: =예산!G198/1000000 -> 1.5241 | D17: =(C17/$C$27)*100 -> 0.051601722 | E17: 0.61 | F17: 0 | H17: 0 | N17: 1.52
B18: 문헌구입비 | C18: =예산!G203/1000000 -> 0.15 | D18: =(C18/$C$27)*100 -> 0.0050785764 | E18: 0 | F18: 0 | H18: 0 | N18: 0.15
B19: 인쇄비 | C19: =예산!G212/1000000 -> 14.739 | D19: =(C19/$C$27)*100 -> 0.49902091 | E19: 0.15 | F19: 0 | H19: 0 | N19: 11.66
B20: 운영경비-공공요금 | C20: =예산!G218/1000000 -> 2.068 | D20: =(C20/$C$27)*100 -> 0.070016639 | E20: 0 | F20: 0 | H20: 0 | N20: 2.07
B21: 소프트웨어 활용비 | C21: =예산!G233/1000000 -> 350.63618 | D21: =(C21/$C$27)*100 -> 11.871551 | E21: 157.76 | F21: 0 | H21: 0 | N21: 350.64
B22: 행사운영비 | C22: =예산!G224/1000000 -> 1.1948 | D22: =(C22/$C$27)*100 -> 0.040452554 | E22: 0 | F22: 18 | H22: 18 | N22: 4.62
B23: 교육운영비 | C23: =예산!G264/1000000 -> 49.918041 | D23: =(C23/$C$27)*100 -> 1.6900839 | E23: 0 | F23: 38 | H23: 38 | N23: 14.13
A24: 소계 | C24: =SUM(C9:C23) -> 2402.8528 | D24: =SUM(D9:D23) -> 81.353809 | E24: =SUM(E9:E23) -> 481.66 | F24: =SUM(F9:F23) -> 76.88 | H24: =SUM(H9:H23) -> 76.88 | N24: 2555.1
A25: 간접비 | C25: =예산!C267/1000000 -> 155.6 | D25: =(C25/$C$27)*100 -> 5.2681765 | E25: 0 | F25: 8.62 | H25: 8.62 | N25: 155.6
A26: 소계 | C26: =SUM(C25) -> 155.6 | D26: =SUM(D25) -> 5.2681765 | E26: 0 | F26: 8.62 | H26: 8.62 | N26: 155.6
A27: 합 계 | C27: =SUM(C6,C8,C24,C26) -> 2953.5836 | D27: =SUM(D6,D8,D24,D26) -> 100 | E27: =SUM(E24,E26,E8,E6) -> 485.69 | F27: =SUM(F26,F24,F6,F8) -> 95.5 | H27: =SUM(H26,H24,H6,H8) -> 95.5 | N27: 3112
A28: *이월금 포함
A30: 구분 | C30: 삼성전자* | D30: SK 하이닉스
A31: 인센티브 | C31: 5000000 | D31: 7000000 | E31: =SUM(C31:D31) -> 12000000 | G31: =SUM(E31:E37) -> 88875000
A32: 연구시설장비비 | C32: 2000000 | D32: 0 | E32: =SUM(C32:D33) -> 2000000
A34: 연구활동비 | B34: 교육운영비 | C34: 40000000 | D34: 0 | E34: =SUM(C34:D34) -> 40000000 | F34: =SUM(E34:E37) -> 74875000
B35: 출장비 | C35: 4500000 | D35: 7875000 | E35: =SUM(C35:D35) -> 12375000
B36: 행사운영비 | C36: 1000000 | D36: 17000000 | E36: =SUM(C36:D36) -> 18000000
B37: 회의비 | C37: 4500000 | D37: 0 | E37: =SUM(C37:D37) -> 4500000
A38: 간접비 | C38: 3000000 | D38: 5625000 | E38: =SUM(C38:D38) -> 8625000

Sheet 3차년도 사업비 소진현황 (지출)
A1: 3차년도 예산 집행 확실 내역 | O1: 일자별 누적 기록 | AC1: 월별 소진 현황 | AD1: 3월 | AE1: 4월 | AF1: 5월 | AG1: 6월 | AH1: 7월 | AI1: 8월 | AJ1: 9월 | AK1: 10월 | AL1: 11월 | AM1: 12월 | AN1: 1월 | AO1: 2월 | AP1: 총계(=2,956,400,000 원) | AQ1: 예상이월금
A2: =예산!C3 -> 2956400000 | J2: = 예상 이월금 | O2: 날짜 | P2: 인건비 | R2: 학생인건비 | T2: 연구시설장비비 | V2: 연구재료비 | X2: 연구활동비 | Z2: 총계 | AD2: =SUMIF($G6:$G178, AD1, $H6:$H178) -> 0 | AE2: =SUMIF($G6:$G178, AE1, $H6:$H178) -> 6810520 | AF2: =SUMIF($G6:$G178, AF1, $H6:$H178) -> 209059160 | AG2: =SUMIF($G6:$G178, AG1, $H6:$H178) -> 376785260 | AH2: =SUMIF($G6:$G178, AH1, $H6:$H178) -> 270219411 | AI2: =SUMIF($G6:$G178, AI1, $H6:$H178) -> 32954493 | AJ2: =SUMIF($G6:$G178, AJ1, $H6:$H178) -> 299427648 | AK2: =SUMIF($G6:$G178, AK1, $H6:$H178) -> 58817390 | ... AO2: =SUMIF($G6:$G178, AO1, $H6:$H178) -> 0 | AP2: =SUM(AD2:AO2) -> 1405167427 | AQ2: =$A$2-$AP$2 -> 1551232573
A3: 항목 | B3: 세목 | C3: 3차년도 예산 | D3: 세부집행 계획 | G3: 실제 집행내역 | H3: 집행액 (RCMS 기준) | I3: 집행일 | J3: 집행잔액 | K3: 집행률 | O3: 현황 | P3: =H26 -> 128580500 | Q3: =K26 -> 0.59491968 | R3: =H39 -> 186800000 | S3: =K39 -> 1.0435754 | T3: =H56 -> 103213000 | U3: =K56 -> 0.089471072 | V3: =H76 -> 67164759 | W3: =K76 -> 0.92959727 | X3: =H153 -> 0 | Y3: =K153 -> 0 | Z3: =H154 -> 0 | AA3: =K154 -> 0 | AD3: =AD2/$A$2 -> 0 | AE3: =AE2/$A$2 -> 0.0023036531 | AF3: =AF2/$A$2 -> 0.070714098 | AG3: =AG2/$A$2 -> 0.12744732 | AH3: =AH2/$A$2 -> 0.091401506 | AI3: =AI2/$A$2 -> 0.011146832 | AJ3: =AJ2/$A$2 -> 0.10128117 | AK3: =AK2/$A$2 -> 0.019894936 | ... AQ3: =AQ2/$A$2 -> 0.52470321
A4: 인건비 | B4: 직원인건비 | C4: =예산!G15 -> 122770857 | D4: 전미자 | G4: 11월 | H4: 15264848 | I4: 45981 | O4: 45788 | P4: 2781628 | Q4: 0.015020954 | R4: 14600000 | S4: 0.071921182 | T4: 0 | U4: 0 | V4: 0 | W4: 0 | X4: 5500000 | Y4: 0.0044688636 | Z4: 22881628 | AA4: 0.0077396929
D5: 강훈경 | G5: 10월 | H5: 15264848 | I5: 45948 | O5: 45804 | P5: 6186888 | Q5: 0.033409558 | R5: 29200000 | S5: 0.14384236 | T5: 0 | U5: 0 | V5: 0 | W5: 0 | X5: 12540700 | Y5: 0.010181921 | Z5: 47927588 | AA5: 0.016212456
D6: 미정 | G6: 9월 | H6: 15264848 | I6: 45923 | P6: 2.1449876e+08 | Q6: 1 | R6: 179000000 | S6: 1 | T6: 1229517390 | U6: 0.98221729 | V6: 108039500 | W6: 1 | X6: 8829000 | Y6: 0 | Z6: 1830000 | AA6: 0
D7: 미정 | G7: 8월 | H7: 4668770 | I7: 45897
G8: 8월 | H8: 4668777 | I8: 45889
G9: 8월 | H9: 2450884 | I9: 45887
G10: 8월 | H10: 10000 | I10: 45883
G11: 7월 | H11: 2450884 | I11: 45868
G12: 7월 | H12: -1589500 | I12: 45867
G13: 7월 | H13: 4658777 | I13: 45863
G14: 7월 | H14: 1589500 | I14: 45861
G15: 7월 | H15: 980000 | I15: 45856
G16: 7월 | H16: 67560 | I16: 45856
G17: 6월 | H17: 3405260 | I17: 45831
G18: 5월 | H18: 3405260 | I18: 45798
G19: 4월 | H19: 3405260 | I19: 45776
G20: 4월 | H20: 3405260 | I20: 45761
B23: 소계 | E23: =SUM(E4:E14) -> 0 | H23: =SUM(H6:H16) -> 35220500
B24: 인센티브 | C24: =예산!G20 -> 93360000 | H24: =C24 -> 93360000
B25: 소계 | E25: =$C24 -> 93360000 | H25: =SUM(H24) -> 93360000
A26: 소계 (인건비) | C26: =C4+C24 -> 216130857 | E26: =C26 -> 216130857 | H26: =H23+H25 -> 128580500 | K26: =H26/C26 -> 0.59491968
A27: 학생인건비 | B27: 학생인건비 | C27: =예산!G27 -> 179000000 | G27: 11월 | H27: -8100000 | I27: 45988
G28: 11월 | H28: -8100000 | I28: 45988
G29: 11월 | H29: 84100000 | I29: 45967
G30: 6월 | H30: 118900000 | I30: 45812
A39: 소계 (학생인건비) | C39: =C27 -> 179000000 | E39: =C39 -> 179000000 | H39: =SUM(H27:H38) -> 186800000 | K39: =H39/C39 -> 1.0435754
A40: 연구시설장비비 | B40: 연구시설 장비구입 및 임차비 | C40: 광학현미경 | G40: 11월 | H40: 21990000 | I40: 45985
C41: 프로브스테이션 수리비 | G41: 11월 | H41: 165000 | I41: 45981
C42: 나라장터수수료 스위치매트릭스 | G42: 11월 | H42: 30000 | I42: 45978
C43: 엘립소미터 | G43: 10월 | H43: 42988000 | I43: 45947 | J43: 9월까지의 장비 | K43: =SUM(H40:H43,H47:H48)/A2 -> 0.034881275
C44: 나라장터수수료 GPU | G44: 9월 | H44: 30000 | I44: 45918
C45: 나라장터수수료 B1500 | G45: 9월 | H45: 30000 | I45: 45918 | J45: 하반기 장비 | K45: =SUM(H44:H46)/A2 -> 3.044243e-05
C46: 나라장터수수료 프로브스테이션 | G46: 9월 | H46: 30000 | I46: 45918
C47: 스핀코터 | G47: 9월 | H47: 8030000 | I47: 45910
C48: 홀효과측정기 | G48: 7월 | H48: 29920000 | I48: 45863
C49: 펄스모듈 | G49: 5월 | H49: 186410400 | I49: 45791
B51: 소계 | H51: =SUM(H40:H48) -> 103213000
B52: 환경구축비 | C52: 컴퓨터공학부 세미나실 공사 | E52: =예산!G88 -> 0 | G52: 2월
C53: 컴퓨터공학부 세미나실 가구 및 기자재 | E53: =예산!G89 -> 0 | G53: 2월
C54: 첨단융합학부 측정실, 서버실 가구 및 기자재 | G54: 2월
B55: 소계 | H55: =SUM(H52:H54) -> 0
A56: 소계 (연구시설장비비) | C56: =예산!G67 -> 1153590740 | H56: =H51+H55 -> 103213000 | K56: =H56/C56 -> 0.089471072
A57: 연구재료비 | B57: 연구 재료비 | C57: 저온프로브 2차 (우인규-이철호) | H57: 2332000 | I57: 45989
C58: substrate 2개 (박철진-정규원) | H58: 3168000 | I58: 45985
C59: 김치통, 호일 (박철진-정규원) | H59: 33500 | I59: 45982
C60: SGH BBO (오세현-강민구) | H60: 1873300 | I60: 45981
B61: 공정 수행 비용 | C61: 그래핀,MoS2 (오세현-강민구) | H61: 5676000 | I61: 45944
C62: sb2o3 target (우인규-이철호) | H62: 1155000 | I62: 45932
C63: 웨이퍼 (우인규-이철호) | H63: 1925000 | I63: 45932
C64: AFM 팁 (우인규-이철호) | H64: 643500 | I64: 45932
C65: 연구소모품 (박철진-정규원) | H65: 822250 | I65: 45932
C66: 저온프로브 (우인규-이철호) | H66: 2332000 | I66: 45930
C67: 그리스 (우인규-이철호) | H67: 1496000 | I67: 45930
C68: 웨이퍼 (우인규-이철호) | H68: 1531200 | I68: 45917
C69: 트위져 (첨융) | H69: 8288500 | I69: 45917
C70: 4인치 웨이퍼 (오세현-강민구) | H70: 935000 | I70: 45917
C71: 6인치 웨이퍼 (교육용 칩) | H71: 10164000 | I71: 45869
C72: 4인치 웨이퍼 (김지영 교수) | H72: 4219509 | I72: 45862
C73: 프로브팁 | H73: 1320000 | I73: 45818
C74: FPGA 보드 | H74: 19250000 | I74: 45806
A76: 소계 (연구재료비) | C76: =예산!G98 -> 72251459 | H76: =SUM(H57:H75) -> 67164759 | K76: =H76/C76 -> 0.92959727
A77: 연구활동비 | C77: 반도체특성화대학 우수 장학금 지급 | G77: 5월 | H77: 5500000 | I77: 45785
C78: 반도체특성화대학 반도체 트랙 장학금 지급 | G78: 5월 | H78: 1000000 | I78: 45800
C79: E8900UX ADS University subscription license 계약 | G79: 5월 | H79: 12743500 | I79: 45805
C80: 반도체특성화대학 EDA 툴서버 유지보수 비용 | G80: 6월 | H80: 18480000 | I80: 45813
C81: 전문가자문가 지급신청 | G81: 6월 | H81: 1000000 | I81: 45819
C82: 케이던스 반도체 설계 소프트웨어 계약 | G82: 6월 | H82: 230000000 | I82: 45833
C83: 글로벌장학금(생활비성) 지급 | G83: 6월 | H83: 5000000 | I83: 45838
C84: 글로벌장학금 지급 | G84: 7월 | H84: 5800000 | I84: 45853
C85: 교내 반도체 경진대회(교내솔버튼우수장학금) | G85: 7월 | H85: 2300000 | I85: 45856
C86: 교내 반도체 경진대회(교내솔버튼우수장학금) | G86: 7월 | H86: 3300000 | I86: 45856
C87: 교내 반도체 경진대회(교내솔버튼우수장학금) | G87: 7월 | H87: 3300000 | I87: 45856
C88: 우수장학금(생활비성) 지급 | G88: 7월 | H88: 800000 | I88: 45856
C89: 우수장학금 지급 | G89: 7월 | H89: 2300000 | I89: 45856
... C144: 윤상원 외 0건 | G144: 11월 | H144: 531534 | I144: 45989
C145: [일반지급신청] 2025 유니위크 운영 분담금_웰비아이 등 총 1건 | H145: 20000000
C146: [일반지급신청] [반도체특성화대학] ICCE-Asia 2025 학회 등록 25건 등 총 8건 | H146: 21766810
A177: 소계 (연구활동비) | C177: =예산!G130 -> 1177010574 | E177: =SUM(E176,E167,E163,E159,E150,E148,E142,E126,E124,E115) -> 0 | H177: =SUM(H77:H176) -> 921669297 | K177: =H177/C177 -> 0.78305949
A178: 전체 총계 | C178: =SUM(C177,C76,C56,C39,C26) -> 2797983630 | H178: =SUM(H177,H76,H56,H39,H26) -> 1407427556 | K178: =H178/C178 -> 0.50301494

Sheet 이월금일정
A1: 2차년도 이월금 집행내역 | O1: 일자별 누적 기록
A2: =예산!L3 -> 485690651 | J2: = 예상 이월금 | O2: 날짜 | P2: 인건비 | R2: 학생인건비 | T2: 연구시설장비비 | V2: 연구재료비 | X2: 연구활동비 | Z2: 총계
A3: 항목 | B3: 세목 | C3: 3차년도 예산 | D3: 세부집행 계획 | G3: 실제 집행내역 | H3: 집행액 (RCMS 기준) | I3: 집행일 | J3: 집행잔액 | K3: 집행률 | O3: 현황 | P3: =H18 -> 4028892 | Q3: =K18 -> 1 | R3: =H30 -> 0 | S3: =K30 -> #DIV/0! | T3: =H41 -> 186410400 | U3: =K41 -> 0.66009767 | V3: =H48 -> 0 | W3: =K48 -> 0 | X3: =H87 -> 0 | Y3: =K87 -> 0 | Z3: =H88 -> 190439292 | AA3: =K88 -> 0.39209997
A4: 인건비 | B4: 직원인건비 | C4: =예산!P5 -> 4028892 | D4: 전미자 | E4: =예산!P7 -> 2439392 | G4: 3월 | H4: =예산!N7+예산!N8 -> 3405260 | I4: 45776 | O4: 45793 | P4: 4028892 | Q4: 1 | R4: 0 | S4: 0 | T4: 186410400 | U4: 0.66009767 | V4: 0 | W4: 0 | X4: 0 | Y4: 0 | Z4: 190439292 | AA4: 0.39209997
D5: 강훈경 | E5: =예산!P8 -> 1589500 | G5: 4월 | H5: =예산!N7-1192128 -> 623632
D6: 미정
D7: 미정
B15: 소계 | E15: =SUM(E4:E14) -> 4028892 | H15: =SUM(H4:H14) -> 4028892
B16: 인센티브
B17: 소계 | E17: =$C16 -> 0 | H17: 0
A18: 소계 (인건비) | C18: =예산!P5 -> 4028892 | E18: =C18 -> 4028892 | H18: =H15+H17 -> 4028892 | K18: =H18/C18 -> 1
A19: 학생인건비 | B19: 학생인건비
A30: 소계 (학생인건비) | C30: =C19 -> 0 | E30: =C30 -> 0 | H30: =SUM(H19:H29) -> 0 | K30: =H30/C30 -> #DIV/0!
A31: 연구시설장비비 | B31: 연구시설 장비구입 및 임차비 | C31: =예산!P27 -> 282398210 | D31: WGFMU | E31: =예산!P31 -> 186410400 | H31: 186410400
D32: GPU 1대 (첨융) | E32: =예산!P30 -> 95987810 | H32: 0
B36: 소계 | E36: =SUM(E31:E35) -> 282398210 | H36: =SUM(H31:H35) -> 186410400
B37: 환경구축비
B40: 소계
A41: 소계 (연구시설장비비) | C41: =예산!P27 -> 282398210 | E41: =SUM(E36,E40) -> 282398210 | H41: =H36+H40 -> 186410400 | K41: =H41/C41 -> 0.66009767
A42: 연구재료비 | B42: 공정 재료비 | C42: =예산!P54 -> 1144000 | D42: 4인치 웨이퍼 | E42: =예산!P54 -> 1144000 | H42: 0
B46: 공정 수행 비용
A48: 소계 (연구재료비) | C48: =예산!P51 -> 1144000 | E48: =SUM(E42:E47) -> 1144000 | H48: =H45+H47 -> 0 | K48: =H48/C48 -> 0
A49: 연구활동비 | B49: 출장비
B57: 소계 | E57: =SUM(E49:E56) -> 0 | H57: =SUM(H49:H56) -> 0
B58: 인쇄비 | C58: =예산!P103 -> 150000 | D58: 인쇄 및 제본 | E58: =예산!P101 -> 150000 | H58: 0
B59: 소계 | E59: =SUM(E58) -> 150000 | H59: =H58 -> 0
B60: 소프트웨어 활용비 | C60: =예산!P129 -> 157759520 | D60: Cadence | E60: =예산!P127 -> 78879760
D61: Synopsys | E61: =예산!P128 -> 78879760
B71: 소계 | E71: =SUM(E60:E70) -> 157759520 | H71: =SUM(H60:H70) -> 0
B72: 연구실 운영비 | D72: 프린터 토너 | E72: =예산!P94 -> 500000 | H72: 0
D73: A4 용지 | E73: =예산!P95 -> 50000 | H73: 0
D74: 기타 | E74: =예산!P96 -> 60029 | H74: 0
B77: 소계 | E77: =SUM(E72:E76) -> 610029 | H77: =SUM(H72:H76) -> 0
B78: 연구활동 유지비 | C78: =예산!P90 -> 39600000 | D78: EDA 용역 | E78: =예산!P88 -> 18480000 | H78: 0
D79: GPU 용역 | E79: =예산!P89 -> 21120000 | H79: 0
B86: 소계 | E86: =SUM(E78:E85) -> 39600000 | H86: =SUM(H78:H85) -> 0
C87: =예산!P57 -> 198119549 | E87: =SUM(E57,E59,E71,E77,E86) -> 198119549 | H87: =SUM(H57,H59,H71,H77,H86) -> 0 | K87: =H87/C87 -> 0
C88: =SUM(C87,C48,C41,C30,C18) -> 485690651 | H88: =SUM(H87,H48,H41,H30,H18) -> 190439292 | K88: =H88/C88 -> 0.39209997
A122: 소계 (연구활동비)
A123: 전체 총계

Sheet RCMS.260102
A1: 사용일자 | B1: 이체일자 | C1: 등록일자 | D1: 증빙구분 | E1: 비목 | F1: 항목 | G1: 세부항목 | H1: 사용금액 | I1: 사용금액 | J1: 사용금액 | K1: 사용금액 | L1: 이체공급금액 | M1: 이체공급금액 | N1: 이체공급금액 | O1: 이체부가세액 | P1: 이체부가세액 | Q1: 이체부가세액 | R1: 복원공급금액 | S1: 복원공급금액 | T1: 복원공급금액 | U1: 복원부가세액 | V1: 복원부가세액 | W1: 복원부가세액 | X1: 증빙파일 | Y1: 예방도우미 | Z1: 예방도우미 | AA1: 예방도우미 | AB1: 예방도우미 | AC1: 자계좌 이체증빙 | AD1: 연구장비 | AE1: 부가정보 | AF1: 인건비 | AG1: 품목 | AH1: 수입신고필증번호 | AI1: 지급용도 | AJ1: 거래처명 | AK1: 휴폐업 거래처여부 | AL1: 휴폐업 거래처사유 | AM1: 카드 | AN1: 카드 | AO1: 카드 | AP1: 카드 | AQ1: 카드 | AR1: 카드 | AS1: 카드 | AU1: 이체상태 | AV1: 부가세 복원여부 | AW1: 점검메모 | AX1: 상시점검 | AY1: 상시점검 | AZ1: 상시점검 | BA1: 정산 | BB1: 정산 | BC1: 정산 | BD1: 정산 | BE1: 정산 | BF1: 연구개발비 구분 | BG1: 등록구분 | BH1: 지급구분 | BI1: 거래명세서 행정정보
A2: 사용일자 | B2: 이체일자 | C2: 등록일자 | D2: 증빙구분 | E2: 비목 | F2: 항목 | G2: 세부항목 | H2: 사용금액 | I2: 본예산 | J2: 계속비 | K2: 이월금 | L2: 본예산 | M2: 계속비 | N2: 이월금 | O2: 본예산 | P2: 계속비 | Q2: 이월금 | R2: 본예산 | S2: 계속비 | T2: 이월금 | U2: 본예산 | V2: 계속비 | W2: 이월금 | X2: 증빙파일 | Y2: 탐지건수 | Z2: 미확인건수 | AA2: 확인건수 | AB2: 제외건수 | AC2: 자계좌 이체증빙 | AD2: 연구장비 | AE2: 부가정보 | AF2: 인건비 | AG2: 품목 | AH2: 수입신고필증번호 | AI2: 지급용도 | AJ2: 거래처명 | AK2: 휴폐업 거래처여부 | AL2: 휴폐업 거래처사유 | AM2: 카드번호 | AN2: 승인번호 | AO2: 승인일자 | AP2: 매입일자 | AQ2: 결제일자 | AR2: 매입금액 | AS2: 취소건수 | AT2: 취소금액 | AU2: 이체상태 | AV2: 부가세 복원여부 | AW2: 점검메모 | AX2: 점검상태 | AY2: 점검사유 | AZ2: 점검의견 | BA2: 인정상태 | BB2: 보완요청내용 | BC2: 불인정사유구분 | BD2: 불인정사유내용 | BE2: 불인정금액 | BF2: 연구개발비 구분 | BG2: 등록구분 | BH2: 지급구분 | BI2: 거래명세서 행정정보
A3: 2025.12.26 | B3: 2025.12.26 | C3: 2025.12.24 | D3: 기타증빙 | E3: 직접비 | F3: 연구활동비 | G3: 외부 전문기술 활용비 | H3: 2462400 | I3: 2462400 | J3: 0 | K3: 0 | L3: 2462400 | M3: 0 | N3: 0 | O3: 0 | P3: 0 | Q3: 0 | R3: 0 | S3: 0 | T3: 0 | U3: 0 | V3: 0 | W3: 0 | X3: 정상 | Y3: 0 | Z3: 0 | AA3: 0 | AB3: 0 | AE3: 미등록 | AG3: 실수령금액(기타)(실수령액)글로벌장학금-인턴장학금 지급 | AI3: 실수령금액(기타)(실수령액)글로벌장학금-인턴장학금 지급 | AJ3: N | AK3: N | AU3: 집행(이체) 완료 | AV3: N | AW3: 미등록 | AX3: 미확정 | BA3: 미확정 | BF3: 현금 | BG3: 증빙우선 | BH3: 건별지급
A4: 2025.12.26 | B4: 2025.12.26 | C4: 2025.12.24 | D4: 기타증빙 | E4: 직접비 | F4: 연구활동비 | G4: 외부 전문기술 활용비 | H4: 88000 | I4: 88000 | J4: 0 | K4: 0 | L4: 88000 | M4: 0 | N4: 0 | O4: 0 | P4: 0 | Q4: 0 | R4: 0 | S4: 0 | T4: 0 | U4: 0 | V4: 0 | W4: 0 | X4: 정상 | Y4: 0 | Z4: 0 | AA4: 0 | AB4: 0 | AE4: 미등록 | AG4: 공제금액(기타)(소득세외 1건)논문장학금 지급신청: 박정우 1 | AI4: 공제금액(기타)(소득세외 1건)논문장학금 지급신청: 박정우 1 | AJ4: N | AK4: N | AU4: 집행(이체) 완료 | AV4: N | AW4: 미등록 | AX4: 미확정 | BA4: 미확정 | BF4: 현금 | BG4: 증빙우선 | BH4: 건별지급
A5: 2025.12.26 | B5: 2025.12.26 | C5: 2025.12.24 | D5: 기타증빙 | E5: 직접비 | F5: 연구활동비 | G5: 외부 전문기술 활용비 | H5: 912000 | I5: 912000 | J5: 0 | K5: 0 | L5: 912000 | M5: 0 | N5: 0 | O5: 0 | P5: 0 | Q5: 0 | R5: 0 | S5: 0 | T5: 0 | U5: 0 | V5: 0 | W5: 0 | X5: 정상 | Y5: 0 | Z5: 0 | AA5: 0 | AB5: 0 | AE5: 미등록 | AG5: 실수령금액(기타)(실수령액)논문장학금 지급신청: 박정우 1,0 | AI5: 실수령금액(기타)(실수령액)논문장학금 지급신청: 박정우 1,0 | AJ5: N | AK5: N | AU5: 집행(이체) 완료 | AV5: N | AW5: 미등록 | AX5: 미확정 | BA5: 미확정 | BF5: 현금 | BG5: 증빙우선 | BH5: 건별지급
A6: 2025.12.26 | B6: 2025.12.26 | C6: 2025.12.24 | D6: 기타증빙 | E6: 직접비 | F6: 연구활동비 | G6: 외부 전문기술 활용비 | H6: 237600 | I6: 237600 | J6: 0 | K6: 0 | L6: 237600 | M6: 0 | N6: 0 | O6: 0 | P6: 0 | Q6: 0 | R6: 0 | S6: 0 | T6: 0 | U6: 0 | V6: 0 | W6: 0 | X6: 정상 | Y6: 0 | Z6: 0 | AA6: 0 | AB6: 0 | AE6: 미등록 | AG6: 공제금액(기타)(소득세외 1건)글로벌장학금-인턴장학금 지급 | AI6: 공제금액(기타)(소득세외 1건)글로벌장학금-인턴장학금 지급 | AJ6: N | AK6: N | AU6: 집행(이체) 완료 | AV6: N | AW6: 미등록 | AX6: 미확정 | BA6: 미확정 | BF6: 현금 | BG6: 증빙우선 | BH6: 건별지급
A7: 2025.12.24 | B7: 2025.12.24 | C7: 2025.12.22 | D7: 기타증빙 | E7: 직접비 | F7: 연구활동비 | G7: 연구활동비 기타비용 | H7: 600000 | I7: 600000 | J7: 0 | K7: 0 | L7: 600000 | M7: 0 | N7: 0 | O7: 0 | P7: 0 | Q7: 0 | R7: 0 | S7: 0 | T7: 0 | U7: 0 | V7: 0 | W7: 0 | X7: 정상 | Y7: 0 | Z7: 0 | AA7: 0 | AB7: 0 | AG7: [일반지급신청] STOB 리그 팀활동지원비- 서울대학교 에피학 | AI7: [일반지급신청] STOB 리그 팀활동지원비- 서울대학교 에피학 | AJ7: N | AK7: N | AU7: 집행(이체) 완료 | AV7: N | AW7: 미등록 | AX7: 미확정 | BA7: 미확정 | BF7: 현금 | BG7: 증빙우선 | BH7: 건별지급
A8: 2025.12.24 | B8: 2025.12.24 | C8: 2025.12.22 | D8: 기타증빙 | E8: 직접비 | F8: 연구활동비 | G8: 연구활동비 기타비용 | H8: 600000 | I8: 600000 | J8: 0 | K8: 0 | L8: 600000 | M8: 0 | N8: 0 | O8: 0 | P8: 0 | Q8: 0 | R8: 0 | S8: 0 | T8: 0 | U8: 0 | V8: 0 | W8: 0 | X8: 정상 | Y8: 0 | Z8: 0 | AA8: 0 | AB8: 0 | AG8: [일반지급신청] STOB 리그 팀활동지원비- 서울대학교 에피학 | AI8: [일반지급신청] STOB 리그 팀활동지원비- 서울대학교 에피학 | AJ8: N | AK8: N | AU8: 집행(이체) 완료 | AV8: N | AW8: 미등록 | AX8: 미확정 | BA8: 미확정 | BF8: 현금 | BG8: 증빙우선 | BH8: 건별지급
A9: 2025.12.24 | B9: 2025.12.24 | C9: 2025.12.22 | D9: 기타증빙 | E9: 직접비 | F9: 연구활동비 | G9: 연구활동비 기타비용 | H9: 600000 | I9: 600000 | J9: 0 | K9: 0 | L9: 600000 | M9: 0 | N9: 0 | O9: 0 | P9: 0 | Q9: 0 | R9: 0 | S9: 0 | T9: 0 | U9: 0 | V9: 0 | W9: 0 | X9: 정상 | Y9: 0 | Z9: 0 | AA9: 0 | AB9: 0 | AG9: [일반지급신청] STOB 리그 팀활동지원비- 서울대학교 에피학 | AI9: [일반지급신청] STOB 리그 팀활동지원비- 서울대학교 에피학 | AJ9: N | AK9: N | AU9: 집행(이체) 완료 | AV9: N | AW9: 미등록 | AX9: 미확정 | BA9: 미확정 | BF9: 현금 | BG9: 증빙우선 | BH9: 건별지급
A10: 2025.12.24 | B10: 2025.12.24 | C10: 2025.12.22 | D10: 기타증빙 | E10: 직접비 | F10: 연구활동비 | G10: 연구활동비 기타비용 | H10: 600000 | I10: 600000 | J10: 0 | K10: 0 | L10: 600000 | M10: 0 | N10: 0 | O10: 0 | P10: 0 | Q10: 0 | R10: 0 | S10: 0 | T10: 0 | U10: 0 | V10: 0 | W10: 0 | X10: 정상 | Y10: 0 | Z10: 0 | AA10: 0 | AB10: 0 | AG10: [일반지급신청] STOB 리그 팀활동지원비- 서울대학교 에피학 | AI10: [일반지급신청] STOB 리그 팀활동지원비- 서울대학교 에피학 | AJ10: N | AK10: N | AU10: 집행(이체) 완료 | AV10: N | AW10: 미등록 | AX10: 미확정 | BA10: 미확정 | BF10: 현금 | BG10: 증빙우선 | BH10: 건별지급
A11: 2025.12.24 | B11: 2025.12.24 | C11: 2025.12.22 | D11: 기타증빙 | E11: 직접비 | F11: 연구활동비 | G11: 연구활동비 기타비용 | H11: 600000 | I11: 600000 | J11: 0 | K11: 0 | L11: 600000 | M11: 0 | N11: 0 | O11: 0 | P11: 0 | Q11: 0 | R11: 0 | S11: 0 | T11: 0 | U11: 0 | V11: 0 | W11: 0 | X11: 정상 | Y11: 0 | Z11: 0 | AA11: 0 | AB11: 0 | AG11: [일반지급신청] STOB 리그 팀활동지원비- 서울대학교 에피학 | AI11: [일반지급신청] STOB 리그 팀활동지원비- 서울대학교 에피학 | AJ11: N | AK11: N | AU11: 집행(이체) 완료 | AV11: N | AW11: 미등록 | AX11: 미확정 | BA11: 미확정 | BF11: 현금 | BG11: 증빙우선 | BH11: 건별지급
A12: 2025.12.24 | B12: 2025.12.24 | C12: 2025.12.22 | D12: 기타증빙 | E12: 직접비 | F12: 인건비 | G12: 참여연구원 인건비 | H12: 425360 | I12: 425360 | J12: 0 | K12: 0 | L12: 425360 | M12: 0 | N12: 0 | O12: 0 | P12: 0 | Q12: 0 | R12: 0 | S12: 0 | T12: 0 | U12: 0 | V12: 0 | W12: 0 | X12: 정상 | Y12: 0 | Z12: 0 | AA12: 0 | AB12: 0 | AG12: 기관부담금액(건강보험(기관)외 4건)[202512]한호철 등 4명 인 | AI12: 기관부담금액(건강보험(기관)외 4건)[202512]한호철 등 4명 인 | AJ12: N | AK12: N | AU12: 집행(이체) 완료 | AV12: N | AW12: 미등록 | AX12: 미확정 | BA12: 미확정 | BF12: 현금 | BG12: 증빙우선 | BH12: 건별지급
A13: 2025.12.24 | B13: 2025.12.24 | C13: 2025.12.22 | D13: 기타증빙 | E13: 직접비 | F13: 인건비 | G13: 참여연구원 인건비 | H13: 200870 | I13: 200870 | J13: 0 | K13: 0 | L13: 200870 | M13: 0 | N13: 0 | O13: 0 | P13: 0 | Q13: 0 | R13: 0 | S13: 0 | T13: 0 | U13: 0 | V13: 0 | W13: 0 | X13: 정상 | Y13: 0 | Z13: 0 | AA13: 0 | AB13: 0 | AG13: 공제금액(근로)(소득세외 1건)[202512]한호철 등 4명 인건비지 | AI13: 공제금액(근로)(소득세외 1건)[202512]한호철 등 4명 인건비지 | AJ13: N | AK13: N | AU13: 집행(이체) 완료 | AV13: N | AW13: 미등록 | AX13: 미확정 | BA13: 미확정 | BF13: 현금 | BG13: 증빙우선 | BH13: 건별지급
A14: 2025.12.24 | B14: 2025.12.24 | C14: 2025.12.22 | D14: 기타증빙 | E14: 직접비 | F14: 인건비 | G14: 참여연구원 인건비 | H14: 243050 | I14: 243050 | J14: 0 | K14: 0 | L14: 243050 | M14: 0 | N14: 0 | O14: 0 | P14: 0 | Q14: 0 | R14: 0 | S14: 0 | T14: 0 | U14: 0 | V14: 0 | W14: 0 | X14: 정상 | Y14: 0 | Z14: 0 | AA14: 0 | AB14: 0 | AG14: 퇴직적립금액(퇴직적립금)[202512]한호철 등 4명 인건비지급내 | AI14: 퇴직적립금액(퇴직적립금)[202512]한호철 등 4명 인건비지급내 | AJ14: N | AK14: N | AU14: 집행(이체) 완료 | AV14: N | AW14: 미등록 | AX14: 미확정 | BA14: 미확정 | BF14: 현금 | BG14: 증빙우선 | BH14: 건별지급
A15: 2025.12.24 | B15: 2025.12.24 | C15: 2025.12.22 | D15: 기타증빙 | E15: 직접비 | F15: 인건비 | G15: 참여연구원 인건비 | H15: 326417 | I15: 326417 | J15: 0 | K15: 0 | L15: 326417 | M15: 0 | N15: 0 | O15: 0 | P15: 0 | Q15: 0 | R15: 0 | S15: 0 | T15: 0 | U15: 0 | V15: 0 | W15: 0 | X15: 정상 | Y15: 0 | Z15: 0 | AA15: 0 | AB15: 0 | AG15: 퇴직적립금액(퇴직적립금)[202512]한호철 등 4명 인건비지급내 | AI15: 퇴직적립금액(퇴직적립금)[202512]한호철 등 4명 인건비지급내 | AJ15: N | AK15: N | AU15: 집행(이체) 완료 | AV15: N | AW15: 미등록 | AX15: 미확정 | BA15: 미확정 | BF15: 현금 | BG15: 증빙우선 | BH15: 건별지급
A16: 2025.12.24 | B16: 2025.12.24 | C16: 2025.12.22 | D16: 기타증빙 | E16: 직접비 | F16: 인건비 | G16: 참여연구원 인건비 | H16: 368340 | I16: 368340 | J16: 0 | K16: 0 | L16: 368340 | M16: 0 | N16: 0 | O16: 0 | P16: 0 | Q16: 0 | R16: 0 | S16: 0 | T16: 0 | U16: 0 | V16: 0 | W16: 0 | X16: 정상 | Y16: 0 | Z16: 0 | AA16: 0 | AB16: 0 | AG16: 공제금액(근로)(건강보험외 3건)[202512]한호철 등 4명 인건비 | AI16: 공제금액(근로)(건강보험외 3건)[202512]한호철 등 4명 인건비 | AJ16: N | AK16: N | AU16: 집행(이체) 완료 | AV16: N | AW16: 미등록 | AX16: 미확정 | BA16: 미확정 | BF16: 현금 | BG16: 증빙우선 | BH16: 건별지급
A17: 2025.12.24 | B17: 2025.12.24 | C17: 2025.12.22 | D17: 기타증빙 | E17: 직접비 | F17: 인건비 | G17: 참여연구원 인건비 | H17: 3347790 | I17: 3347790 | J17: 0 | K17: 0 | L17: 3347790 | M17: 0 | N17: 0 | O17: 0 | P17: 0 | Q17: 0 | R17: 0 | S17: 0 | T17: 0 | U17: 0 | V17: 0 | W17: 0 | X17: 정상 | Y17: 0 | Z17: 0 | AA17: 0 | AB17: 0 | AG17: 실수령금액(근로)(실수령액)[202512]한호철 등 4명 인건비지급 | AI17: 실수령금액(근로)(실수령액)[202512]한호철 등 4명 인건비지급 | AJ17: N | AK17: N | AU17: 집행(이체) 완료 | AV17: N | AW17: 미등록 | AX17: 미확정 | BA17: 미확정 | BF17: 현금 | BG17: 증빙우선 | BH17: 건별지급
A18: 2025.12.24 | B18: 2025.12.24 | C18: 2025.12.22 | D18: 기타증빙 | E18: 직접비 | F18: 인건비 | G18: 참여연구원 인건비 | H18: 316700 | I18: 316700 | J18: 0 | K18: 0 | L18: 316700 | M18: 0 | N18: 0 | O18: 0 | P18: 0 | Q18: 0 | R18: 0 | S18: 0 | T18: 0 | U18: 0 | V18: 0 | W18: 0 | X18: 정상 | Y18: 0 | Z18: 0 | AA18: 0 | AB18: 0 | AG18: 기관부담금액(건강보험(기관)외 4건)[202512]한호철 등 4명 인 | AI18: 기관부담금액(건강보험(기관)외 4건)[202512]한호철 등 4명 인 | AJ18: N | AK18: N | AU18: 집행(이체) 완료 | AV18: N | AW18: 미등록 | AX18: 미확정 | BA18: 미확정 | BF18: 현금 | BG18: 증빙우선 | BH18: 건별지급
... A31: 2025.12.24 | B31: 2025.12.24 | C31: 2025.12.22 | D31: 기타증빙 | E31: 직접비 | F31: 인건비 | G31: 참여연구원 인건비 | H31: 3347790 | I31: 3347790 | J31: 0 | K31: 0 | L31: 3347790 | M31: 0 | N31: 0 | O31: 0 | P31: 0 | Q31: 0 | R31: 0 | S31: 0 | T31: 0 | U31: 0 | V31: 0 | W31: 0 | X31: 정상 | Y31: 0 | Z31: 0 | AA31: 0 | AB31: 0 | AG31: 실수령금액(근로)(실수령액)[202512]한호철 등 4명 인건비지급 | AI31: 실수령금액(근로)(실수령액)[202512]한호철 등 4명 인건비지급 | AJ31: N | AK31: N | AU31: 집행(이체) 완료 | AV31: N | AW31: 미등록 | AX31: 미확정 | BA31: 미확정 | BF31: 현금 | BG31: 증빙우선 | BH31: 건별지급
A32: 2025.12.18 | B32: 2025.12.26 | C32: 2025.12.26 | D32: 카드결제 | E32: 직접비 | F32: 연구활동비 | G32: 연구활동비 기타비용 | H32: 3080000 | I32: 3080000 | J32: 0 | K32: 0 | L32: 2800000 | M32: 0 | N32: 0 | O32: 280000 | P32: 0 | Q32: 0 | R32: 0 | S32: 0 | T32: 0 | U32: 0 | V32: 0 | W32: 0 | X32: 정상 | Y32: 0 | Z32: 0 | AA32: 0 | AB32: 0 | AG32: [구매지출신청] 뉴로모틱 반도체 기술 교재 출력비 등 총 2 | AI32: [구매지출신청] 뉴로모틱 반도체 기술 교재 출력비 등 총 2 | AJ32: 시스템프로 | AK32: N | AM32: 5525-7642-1699-1980 | AN32: 49297402 | AO32: 2025.12.18 | AP32: 2025.12.19 | AQ32: 2026.01.15 | AR32: 3080000 | AS32: 0 | AT32: 0 | AU32: 집행(이체) 완료 | AV32: N | AW32: 미등록 | AX32: 미확정 | BA32: 미확정 | BF32: 현금 | BG32: 증빙우선 | BH32: 건별지급
A33: 2025.12.18 | B33: 2025.12.26 | C33: 2025.12.24 | D33: 카드결제 | E33: 직접비 | F33: 연구활동비 | G33: 연구실운영비 | H33: 465000 | I33: 465000 | J33: 0 | K33: 0 | L33: 422728 | M33: 0 | N33: 0 | O33: 42272 | P33: 0 | Q33: 0 | R33: 0 | S33: 0 | T33: 0 | U33: 0 | V33: 0 | W33: 0 | X33: 정상 | Y33: 0 | Z33: 0 | AA33: 0 | AB33: 0 | AG33: [구매지출신청] 캐논 CRG 054 H 세트 토너 MF645Cx MF643Cdw LBP62 | AI33: [구매지출신청] 캐논 CRG 054 H 세트 토너 MF645Cx MF643Cdw LBP62 | AJ33: 네이버파이낸셜（주） | AK33: N | AM33: 5525-7642-1944-6438 | AN33: 46656372 | AO33: 2025.12.18 | AP33: 2025.12.19 | AQ33: 2026.01.15 | AR33: 465000 | AS33: 0 | AT33: 0 | AU33: 집행(이체) 완료 | AV33: N | AW33: 미등록 | AX33: 미확정 | BA33: 미확정 | BF33: 현금 | BG33: 증빙우선 | BH33: 건별지급
A34: 2025.12.18 | B34: 2025.12.18 | C34: 2025.12.17 | D34: 기타증빙 | E34: 직접비 | F34: 연구시설·장비비 | G34: 연구시설ㆍ장비 구입ㆍ설치비 | H34: 30000 | I34: 30000 | J34: 0 | K34: 0 | L34: 30000 | M34: 0 | N34: 0 | O34: 0 | P34: 0 | Q34: 0 | R34: 0 | S34: 0 | T34: 0 | U34: 0 | V34: 0 | W34: 0 | X34: 정상 | Y34: 0 | Z34: 0 | AA34: 0 | AB34: 0 | AD34: 예외등록 | AG34: [구매지출신청] 진공증착기 구입시 나라장터 이용수수료 등 | AI34: [구매지출신청] 진공증착기 구입시 나라장터 이용수수료 등 | AJ34: N | AK34: N | AU34: 집행(이체) 완료 | AV34: N | AW34: 미등록 | AX34: 미확정 | BA34: 미확정 | BF34: 현금 | BG34: 증빙우선 | BH34: 건별지급
A35: 2025.12.24 | B35: 2025.12.26 | C35: 2025.12.24 | D35: 전자(세금)계산서 | E35: 직접비 | F35: 연구재료비 | G35: 연구재료 구입비 | H35: 5500000 | I35: 5500000 | J35: 0 | K35: 0 | L35: 5000000 | M35: 0 | N35: 0 | O35: 500000 | P35: 0 | Q35: 0 | R35: 0 | S35: 0 | T35: 0 | U35: 0 | V35: 0 | W35: 0 | X35: 정상 | Y35: 0 | Z35: 0 | AA35: 0 | AB35: 0 | AG35: [구매지출신청] Quartz chrome mask 등 총 1건 | AI35: [구매지출신청] Quartz chrome mask 등 총 1건 | AJ35: (주)마이크로이미지 | AK35: N | AU35: 집행(이체) 완료 | AV35: N | AW35: 미등록 | AX35: 미확정 | BA35: 미확정 | BF35: 현금 | BG35: 증빙우선 | BH35: 건별지급
A36: 2025.12.05 | B36: 2025.12.26 | C36: 2025.12.24 | D36: 카드결제 | E36: 직접비 | F36: 연구활동비 | G36: 연구실운영비 | H36: 73100 | I36: 73100 | J36: 0 | K36: 0 | L36: 66455 | M36: 0 | N36: 0 | O36: 6645 | P36: 0 | Q36: 0 | R36: 0 | S36: 0 | T36: 0 | U36: 0 | V36: 0 | W36: 0 | X36: 정상 | Y36: 0 | Z36: 0 | AA36: 0 | AB36: 0 | AG36: [구매지출신청] 에너자이저 맥스 건전지(AA18/18개입/LR06/알카 | AI36: [구매지출신청] 에너자이저 맥스 건전지(AA18/18개입/LR06/알카 | AJ36: （주）오피스디포코리아 | AK36: N | AM36: 5525-7642-1944-6438 | AN36: 26115468 | AO36: 2025.12.05 | AP36: 2025.12.06 | AQ36: 2026.01.15 | AR36: 73100 | AS36: 0 | AT36: 0 | AU36: 집행(이체) 완료 | AV36: N | AW36: 미등록 | AX36: 미확정 | BA36: 미확정 | BF36: 현금 | BG36: 증빙우선 | BH36: 건별지급
A37: 2025.12.08 | B37: 2025.12.08 | C37: 2025.12.08 | D37: 기타증빙 | E37: 직접비 | F37: 연구활동비 | G37: 연구활동비 기타비용 | H37: 60000 | I37: 60000 | J37: 0 | K37: 0 | L37: 60000 | M37: 0 | N37: 0 | O37: 0 | P37: 0 | Q37: 0 | R37: 0 | S37: 0 | T37: 0 | U37: 0 | V37: 0 | W37: 0 | X37: 정상 | Y37: 0 | Z37: 0 | AA37: 0 | AB37: 0 | AG37: [일반지급신청] [반도체특성화대학] ICCE-Asia 2025 학회 등록 25 | AI37: [일반지급신청] [반도체특성화대학] ICCE-Asia 2025 학회 등록 25 | AJ37: N | AK37: N | AU37: 집행(이체) 완료 | AV37: N | AW37: 미등록 | AX37: 미확정 | BA37: 미확정 | BF37: 현금 | BG37: 증빙우선 | BH37: 건별지급
A38: 2025.12.08 | B38: 2025.12.08 | C38: 2025.12.08 | D38: 기타증빙 | E38: 직접비 | F38: 연구활동비 | G38: 연구활동비 기타비용 | H38: 60000 | I38: 60000 | J38: 0 | K38: 0 | L38: 60000 | M38: 0 | N38: 0 | O38: 0 | P38: 0 | Q38: 0 | R38: 0 | S38: 0 | T38: 0 | U38: 0 | V38: 0 | W38: 0 | X38: 정상 | Y38: 0 | Z38: 0 | AA38: 0 | AB38: 0 | AG38: [일반지급신청] [반도체특성화대학] ICCE-Asia 2025 학회 등록 25 | AI38: [일반지급신청] [반도체특성화대학] ICCE-Asia 2025 학회 등록 25 | AJ38: N | AK38: N | AU38: 집행(이체) 완료 | AV38: N | AW38: 미등록 | AX38: 미확정 | BA38: 미확정 | BF38: 현금 | BG38: 증빙우선 | BH38: 건별지급
A39: 2025.12.08 | B39: 2025.12.08 | C39: 2025.12.08 | D39: 기타증빙 | E39: 직접비 | F39: 연구활동비 | G39: 연구활동비 기타비용 | H39: 60000 | I39: 60000 | J39: 0 | K39: 0 | L39: 60000 | M39: 0 | N39: 0 | O39: 0 | P39: 0 | Q39: 0 | R39: 0 | S39: 0 | T39: 0 | U39: 0 | V39: 0 | W39: 0 | X39: 정상 | Y39: 0 | Z39: 0 | AA39: 0 | AB39: 0 | AG39: [일반지급신청] [반도체특성화대학] ICCE-Asia 2025 학회 등록 25 | AI39: [일반지급신청] [반도체특성화대학] ICCE-Asia 2025 학회 등록 25 | AJ39: N | AK39: N | AU39: 집행(이체) 완료 | AV39: N | AW39: 미등록 | AX39: 미확정 | BA39: 미확정 | BF39: 현금 | BG39: 증빙우선 | BH39: 건별지급
A40: 2025.12.08 | B40: 2025.12.08 | C40: 2025.12.08 | D40: 기타증빙 | E40: 직접비 | F40: 연구활동비 | G40: 연구활동비 기타비용 | H40: 60000 | I40: 60000 | J40: 0 | K40: 0 | L40: 60000 | M40: 0 | N40: 0 | O40: 0 | P40: 0 | Q40: 0 | R40: 0 | S40: 0 | T40: 0 | U40: 0 | V40: 0 | W40: 0 | X40: 정상 | Y40: 0 | Z40: 0 | AA40: 0 | AB40: 0 | AG40: [일반지급신청] [반도체특성화대학] ICCE-Asia 2025 학회 등록 25 | AI40: [일반지급신청] [반도체특성화대학] ICCE-Asia 2025 학회 등록 25 | AJ40: N | AK40: N | AU40: 집행(이체) 완료 | AV40: N | AW40: 미등록 | AX40: 미확정 | BA40: 미확정 | BF40: 현금 | BG40: 증빙우선 | BH40: 건별지급
A41: 2025.12.08 | B41: 2025.12.08 | C41: 2025.12.08 | D41: 기타증빙 | E41: 직접비 | F41: 연구활동비 | G41: 연구활동비 기타비용 | H41: 150000 | I41: 150000 | J41: 0 | K41: 0 | L41: 150000 | M41: 0 | N41: 0 | O41: 0 | P41: 0 | Q41: 0 | R41: 0 | S41: 0 | T41: 0 | U41: 0 | V41: 0 | W41: 0 | X41: 정상 | Y41: 0 | Z41: 0 | AA41: 0 | AB41: 0 | AG41: [일반지급신청] [반도체특성화대학] ICCE-Asia 2025 학회 등록 25 | AI41: [일반지급신청] [반도체특성화대학] ICCE-Asia 2025 학회 등록 25 | AJ41: N | AK41: N | AU41: 집행(이체) 완료 | AV41: N | AW41: 미등록 | AX41: 미확정 | BA41: 미확정 | BF41: 현금 | BG41: 증빙우선 | BH41: 건별지급
A42: 2025.12.08 | B42: 2025.12.08 | C42: 2025.12.08 | D42: 기타증빙 | E42: 직접비 | F42: 연구활동비 | G42: 연구활동비 기타비용 | H42: 60000 | I42: 60000 | J42: 0 | K42: 0 | L42: 60000 | M42: 0 | N42: 0 | O42: 0 | P42: 0 | Q42: 0 | R42: 0 | S42: 0 | T42: 0 | U42: 0 | V42: 0 | W42: 0 | X42: 정상 | Y42: 0 | Z42: 0 | AA42: 0 | AB42: 0 | AG42: [일반지급신청] [반도체특성화대학] ICCE-Asia 2025 학회 등록 25 | AI42: [일반지급신청] [반도체특성화대학] ICCE-Asia 2025 학회 등록 25 | AJ42: N | AK42: N | AU42: 집행(이체) 완료 | AV42: N | AW42: 미등록 | AX42: 미확정 | BA42: 미확정 | BF42: 현금 | BG42: 증빙우선 | BH42: 건별지급
A43: 2025.12.08 | B43: 2025.12.08 | C43: 2025.12.08 | D43: 기타증빙 | E43: 직접비 | F43: 연구활동비 | G43: 연구활동비 기타비용 | H43: 60000 | I43: 60000 | J43: 0 | K43: 0 | L43: 60000 | M43: 0 | N43: 0 | O43: 0 | P43: 0 | Q43: 0 | R43: 0 | S43: 0 | T43: 0 | U43: 0 | V43: 0 | W43: 0 | X43: 정상 | Y43: 0 | Z43: 0 | AA43: 0 | AB43: 0 | AG43: [일반지급신청] [반도체특성화대학] ICCE-Asia 2025 학회 등록 25 | AI43: [일반지급신청] [반도체특성화대학] ICCE-Asia 2025 학회 등록 25 | AJ43: N | AK43: N | AU43: 집행(이체) 완료 | AV43: N | AW43: 미등록 | AX43: 미확정 | BA43: 미확정 | BF43: 현금 | BG43: 증빙우선 | BH43: 건별지급
A44: 2025.12.08 | B44: 2025.12.08 | C44: 2025.12.08 | D44: 기타증빙 | E44: 직접비 | F44: 연구활동비 | G44: 연구활동비 기타비용 | H44: 60000 | I44: 60000 | J44: 0 | K44: 0 | L44: 60000 | M44: 0 | N44: 0 | O44: 0 | P44: 0 | Q44: 0 | R44: 0 | S44: 0 | T44: 0 | U44: 0 | V44: 0 | W44: 0 | X44: 정상 | Y44: 0 | Z44: 0 | AA44: 0 | AB44: 0 | AG44: [일반지급신청] [반도체특성화대학] ICCE-Asia 2025 학회 등록 25 | AI44: [일반지급신청] [반도체특성화대학] ICCE-Asia 2025 학회 등록 25 | AJ44: N | AK44: N | AU44: 집행(이체) 완료 | AV44: N | AW44: 미등록 | AX44: 미확정 | BA44: 미확정 | BF44: 현금 | BG44: 증빙우선 | BH44: 건별지급
A45: 2025.12.08 | B45: 2025.12.08 | C45: 2025.12.08 | D45: 기타증빙 | E45: 직접비 | F45: 연구활동비 | G45: 연구활동비 기타비용 | H45: 60000 | I45: 60000 | J45: 0 | K45: 0 | L45: 60000 | M45: 0 | N45: 0 | O45: 0 | P45: 0 | Q45: 0 | R45: 0 | S45: 0 | T45: 0 | U45: 0 | V45: 0 | W45: 0 | X45: 정상 | Y45: 0 | Z45: 0 | AA45: 0 | AB45: 0 | AG45: [일반지급신청] [반도체특성화대학] ICCE-Asia 2025 학회 등록 25 | AI45: [일반지급신청] [반도체특성화대학] ICCE-Asia 2025 학회 등록 25 | AJ45: N | AK45: N | AU45: 집행(이체) 완료 | AV45: N | AW45: 미등록 | AX45: 미확정 | BA45: 미확정 | BF45: 현금 | BG45: 증빙우선 | BH45: 건별지급
A46: 2025.12.08 | B46: 2025.12.08 | C46: 2025.12.08 | D46: 기타증빙 | E46: 직접비 | F46: 연구활동비 | G46: 연구활동비 기타비용 | H46: 60000 | I46: 60000 | J46: 0 | K46: 0 | L46: 60000 | M46: 0 | N46: 0 | O46: 0 | P46: 0 | Q46: 0 | R46: 0 | S46: 0 | T46: 0 | U46: 0 | V46: 0 | W46: 0 | X46: 정상 | Y46: 0 | Z46: 0 | AA46: 0 | AB46: 0 | AG46: [일반지급신청] [반도체특성화대학] ICCE-Asia 2025 학회 등록 25 | AI46: [일반지급신청] [반도체특성화대학] ICCE-Asia 2025 학회 등록 25 | AJ46: N | AK46: N | AU46: 집행(이체) 완료 | AV46: N | AW46: 미등록 | AX46: 미확정 | BA46: 미확정 | BF46: 현금 | BG46: 증빙우선 | BH46: 건별지급
A47: 2025.12.08 | B47: 2025.12.08 | C47: 2025.12.08 | D47: 기타증빙 | E47: 직접비 | F47: 연구활동비 | G47: 연구활동비 기타비용 | H47: 60000 | I47: 60000 | J47: 0 | K47: 0 | L47: 60000 | M47: 0 | N47: 0 | O47: 0 | P47: 0 | Q47: 0 | R47: 0 | S47: 0 | T47: 0 | U47: 0 | V47: 0 | W47: 0 | X47: 정상 | Y47: 0 | Z47: 0 | AA47: 0 | AB47: 0 | AG47: [일반지급신청] [반도체특성화대학] ICCE-Asia 2025 학회 등록 25 | AI47: [일반지급신청] [반도체특성화대학] ICCE-Asia 2025 학회 등록 25 | AJ47: N | AK47: N | AU47: 집행(이체) 완료 | AV47: N | AW47: 미등록 | AX47: 미확정 | BA47: 미확정 | BF47: 현금 | BG47: 증빙우선 | BH47: 건별지급
A48: 2025.12.08 | B48: 2025.12.08 | C48: 2025.12.08 | D48: 기타증빙 | E48: 직접비 | F48: 연구활동비 | G48: 연구활동비 기타비용 | H48: 60000 | I48: 60000 | J48: 0 | K48: 0 | L48: 60000 | M48: 0 | N48: 0 | O48: 0 | P48: 0 | Q48: 0 | R48: 0 | S48: 0 | T48: 0 | U48: 0 | V48: 0 | W48: 0 | X48: 정상 | Y48: 0 | Z48: 0 | AA48: 0 | AB48: 0 | AG48: [일반지급신청] [반도체특성화대학] ICCE-Asia 2025 학회 등록 25 | AI48: [일반지급신청] [반도체특성화대학] ICCE-Asia 2025 학회 등록 25 | AJ48: N | AK48: N | AU48: 집행(이체) 완료 | AV48: N | AW48: 미등록 | AX48: 미확정 | BA48: 미확정 | BF48: 현금 | BG48: 증빙우선 | BH48: 건별지급
... A66: 2025.12.24 | B66: 2025.12.26 | C66: 2025.12.24 | D66: 전자(세금)계산서 | E66: 직접비 | F66: 연구재료비 | G66: 연구재료 구입비 | H66: 453970 | I66: 453970 | J66: 0 | K66: 0 | L66: 412700 | M66: 0 | N66: 0 | O66: 41270 | P66: 0 | Q66: 0 | R66: 0 | S66: 0 | T66: 0 | U66: 0 | V66: 0 | W66: 0 | X66: 정상 | Y66: 0 | Z66: 0 | AA66: 0 | AB66: 0 | AG66: [구매지출신청] 4inch Single Wafer Tray 외 총 4건 | AI66: [구매지출신청] 4inch Single Wafer Tray 외 총 4건 | AJ66: (주)아이넥서스 | AK66: N | AU66: 집행(이체) 완료 | AV66: N | AW66: 미등록 | AX66: 미확정 | BA66: 미확정 | BF66: 현금 | BG66: 증빙우선 | BH66: 건별지급
A67: 2025.12.05 | B67: 2025.12.08 | C67: 2025.12.05 | D67: 전자(세금)계산서 | E67: 직접비 | F67: 연구시설·장비비 | G67: 연구시설ㆍ장비 구입ㆍ설치비 | H67: 506088000 | I67: 410100190 | J67: 0 | K67: 95987810 | L67: 372818355 | M67: 0 | N67: 87261645 | O67: 37281835 | P67: 0 | Q67: 8726165 | R67: 0 | S67: 0 | T67: 0 | U67: 0 | V67: 0 | W67: 0 | X67: 정상 | Y67: 0 | Z67: 0 | AA67: 0 | AB67: 0 | AD67: 시설 | AG67: 컴퓨터서버 구입비 | AI67: 컴퓨터서버 구입비 | AJ67: 주)디에스앤지 | AK67: N | AU67: 집행(이체) 완료 | AV67: N | AW67: 미등록 | AX67: 미확정 | BA67: 미확정 | BF67: 현금 | BG67: 증빙우선 | BH67: 건별지급
A68: 2025.11.28 | B68: 2025.11.28 | C68: 2025.11.27 | D68: 기타증빙 | E68: 직접비 | F68: 연구활동비 | G68: 출장비 | H68: 83700 | I68: 83700 | J68: 0 | K68: 0 | L68: 83700 | M68: 0 | N68: 0 | O68: 0 | P68: 0 | Q68: 0 | R68: 0 | S68: 0 | T68: 0 | U68: 0 | V68: 0 | W68: 0 | X68: 정상 | Y68: 0 | Z68: 0 | AA68: 0 | AB68: 0 | AE68: 미등록 | AG68: 윤상원 외 0건 | AI68: 윤상원 외 0건 | AJ68: N | AK68: N | AU68: 집행(이체) 완료 | AV68: N | AW68: 미등록 | AX68: 미흡 | AY68: 증빙 자료 미비 | AZ68: 해당사업비카드 미사용 불인정 대상입니다. 타과제에서 미사용 내역 확인 바랍니다. | BA68: 미확정 | BF68: 현금 | BG68: 증빙우선 | BH68: 건별지급
A69: 2025.11.28 | B69: 2025.11.28 | C69: 2025.11.27 | D69: 기타증빙 | E69: 직접비 | F69: 연구활동비 | G69: 출장비 | H69: 70000 | I69: 70000 | J69: 0 | K69: 0 | L69: 70000 | M69: 0 | N69: 0 | O69: 0 | P69: 0 | Q69: 0 | R69: 0 | S69: 0 | T69: 0 | U69: 0 | V69: 0 | W69: 0 | X69: 정상 | Y69: 0 | Z69: 0 | AA69: 0 | AB69: 0 | AE69: 미등록 | AG69: 윤상원 외 0건 | AI69: 윤상원 외 0건 | AJ69: N | AK69: N | AU69: 집행(이체) 완료 | AV69: N | AW69: 미등록 | AX69: 정상 | BA69: 미확정 | BF69: 현금 | BG69: 증빙우선 | BH69: 건별지급
A70: 2025.11.21 | B70: 2025.12.16 | C70: 2025.12.15 | D70: 카드결제 | E70: 직접비 | F70: 연구활동비 | G70: 출장비 | H70: 39800 | I70: 39800 | J70: 0 | K70: 0 | L70: 36182 | M70: 0 | N70: 0 | O70: 3618 | P70: 0 | Q70: 0 | R70: 0 | S70: 0 | T70: 0 | U70: 0 | V70: 0 | W70: 0 | X70: 정상 | Y70: 0 | Z70: 0 | AA70: 0 | AB70: 0 | AE70: 미등록 | AG70: 강훈경 외 0건 | AI70: 강훈경 외 0건 | AJ70: 애슐리퀸즈 스타필드마켓 일산점 | AK70: N | AM70: 5525-7642-1944-6438 | AN70: 39027382 | AO70: 2025.11.21 | AP70: 2025.11.22 | AQ70: 2026.01.15 | AR70: 39800 | AS70: 0 | AT70: 0 | AU70: 집행(이체) 완료 | AV70: N | AW70: 미등록 | AX70: 정상 | BA70: 미확정 | BF70: 현금 | BG70: 증빙우선 | BH70: 건별지급
A71: 2025.11.21 | B71: 2025.12.16 | C71: 2025.12.15 | D71: 카드결제 | E71: 직접비 | F71: 연구활동비 | G71: 연구활동비 기타비용 | H71: 517400 | I71: 517400 | J71: 0 | K71: 0 | L71: 470364 | M71: 0 | N71: 0 | O71: 47036 | P71: 0 | Q71: 0 | R71: 0 | S71: 0 | T71: 0 | U71: 0 | V71: 0 | W71: 0 | X71: 정상 | Y71: 0 | Z71: 0 | AA71: 0 | AB71: 0 | AG71: [일반지급신청]2025 유니위크 행사 (11/19~21) 학생 점심 식대_ 1, | AI71: [일반지급신청]2025 유니위크 행사 (11/19~21) 학생 점심 식대_ 1, | AJ71: 애슐리퀸즈 스타필드마켓 일산점 | AK71: N | AM71: 5525-7642-1944-6438 | AN71: 39024312 | AO71: 2025.11.21 | AP71: 2025.11.22 | AQ71: 2026.01.15 | AR71: 517400 | AS71: 0 | AT71: 0 | AU71: 집행(이체) 완료 | AV71: N | AW71: 미등록 | AX71: 정상 | BA71: 미확정 | BF71: 현금 | BG71: 증빙우선 | BH71: 건별지급
A72: 2025.11.25 | B72: 2025.11.25 | C72: 2025.11.21 | D72: 기타증빙 | E72: 직접비 | F72: 인건비 | G72: 참여연구원 인건비 | H72: 3347790 | I72: 3347790 | J72: 0 | K72: 0 | L72: 3347790 | M72: 0 | N72: 0 | O72: 0 | P72: 0 | Q72: 0 | R72: 0 | S72: 0 | T72: 0 | U72: 0 | V72: 0 | W72: 0 | X72: 정상 | Y72: 0 | Z72: 0 | AA72: 0 | AB72: 0 | AG72: 실수령금액(근로)(실수령액)[202511]한호철 등 4명 인건비지급 | AI72: 실수령금액(근로)(실수령액)[202511]한호철 등 4명 인건비지급 | AJ72: N | AK72: N | AU72: 집행(이체) 완료 | AV72: N | AW72: 미등록 | AX72: 정상 | BA72: 미확정 | BF72: 현금 | BG72: 증빙우선 | BH72: 건별지급
A73: 2025.11.25 | B73: 2025.11.25 | C73: 2025.11.21 | D73: 기타증빙 | E73: 직접비 | F73: 인건비 | G73: 참여연구원 인건비 | H73: 368340 | I73: 368340 | J73: 0 | K73: 0 | L73: 368340 | M73: 0 | N73: 0 | O73: 0 | P73: 0 | Q73: 0 | R73: 0 | S73: 0 | T73: 0 | U73: 0 | V73: 0 | W73: 0 | X73: 정상 | Y73: 0 | Z73: 0 | AA73: 0 | AB73: 0 | AG73: 공제금액(근로)(건강보험외 3건)[202511]한호철 등 4명 인건비 | AI73: 공제금액(근로)(건강보험외 3건)[202511]한호철 등 4명 인건비 | AJ73: N | AK73: N | AU73: 집행(이체) 완료 | AV73: N | AW73: 미등록 | AX73: 정상 | BA73: 미확정 | BF73: 현금 | BG73: 증빙우선 | BH73: 건별지급
A74: 2025.11.25 | B74: 2025.11.25 | C74: 2025.11.21 | D74: 기타증빙 | E74: 직접비 | F74: 인건비 | G74: 참여연구원 인건비 | H74: 200870 | I74: 200870 | J74: 0 | K74: 0 | L74: 200870 | M74: 0 | N74: 0 | O74: 0 | P74: 0 | Q74: 0 | R74: 0 | S74: 0 | T74: 0 | U74: 0 | V74: 0 | W74: 0 | X74: 정상 | Y74: 0 | Z74: 0 | AA74: 0 | AB74: 0 | AG74: 공제금액(근로)(소득세외 1건)[202511]한호철 등 4명 인건비지 | AI74: 공제금액(근로)(소득세외 1건)[202511]한호철 등 4명 인건비지 | AJ74: N | AK74: N | AU74: 집행(이체) 완료 | AV74: N | AW74: 미등록 | AX74: 정상 | BA74: 미확정 | BF74: 현금 | BG74: 증빙우선 | BH74: 건별지급
A75: 2025.11.25 | B75: 2025.11.25 | C75: 2025.11.21 | D75: 기타증빙 | E75: 직접비 | F75: 인건비 | G75: 참여연구원 인건비 | H75: 425360 | I75: 425360 | J75: 0 | K75: 0 | L75: 425360 | M75: 0 | N75: 0 | O75: 0 | P75: 0 | Q75: 0 | R75: 0 | S75: 0 | T75: 0 | U75: 0 | V75: 0 | W75: 0 | X75: 정상 | Y75: 0 | Z75: 0 | AA75: 0 | AB75: 0 | AG75: 기관부담금액(건강보험(기관)외 4건)[202511]한호철 등 4명 인 | AI75: 기관부담금액(건강보험(기관)외 4건)[202511]한호철 등 4명 인 | AJ75: N | AK75: N | AU75: 집행(이체) 완료 | AV75: N | AW75: 미등록 | AX75: 정상 | BA75: 미확정 | BF75: 현금 | BG75: 증빙우선 | BH75: 건별지급
A76: 2025.11.25 | B76: 2025.11.25 | C76: 2025.11.21 | D76: 기타증빙 | E76: 직접비 | F76: 인건비 | G76: 참여연구원 인건비 | H76: 368340 | I76: 368340 | J76: 0 | K76: 0 | L76: 368340 | M76: 0 | N76: 0 | O76: 0 | P76: 0 | Q76: 0 | R76: 0 | S76: 0 | T76: 0 | U76: 0 | V76: 0 | W76: 0 | X76: 정상 | Y76: 0 | Z76: 0 | AA76: 0 | AB76: 0 | AG76: 공제금액(근로)(건강보험외 3건)[202511]한호철 등 4명 인건비 | AI76: 공제금액(근로)(건강보험외 3건)[202511]한호철 등 4명 인건비 | AJ76: N | AK76: N | AU76: 집행(이체) 완료 | AV76: N | AW76: 미등록 | AX76: 정상 | BA76: 미확정 | BF76: 현금 | BG76: 증빙우선 | BH76: 건별지급
A77: 2025.11.25 | B77: 2025.11.25 | C77: 2025.11.21 | D77: 기타증빙 | E77: 직접비 | F77: 인건비 | G77: 참여연구원 인건비 | H77: 72840 | I77: 72840 | J77: 0 | K77: 0 | L77: 72840 | M77: 0 | N77: 0 | O77: 0 | P77: 0 | Q77: 0 | R77: 0 | S77: 0 | T77: 0 | U77: 0 | V77: 0 | W77: 0 | X77: 정상 | Y77: 0 | Z77: 0 | AA77: 0 | AB77: 0 | AG77: 공제금액(근로)(소득세외 1건)[202511]한호철 등 4명 인건비지 | AI77: 공제금액(근로)(소득세외 1건)[202511]한호철 등 4명 인건비지 | AJ77: N | AK77: N | AU77: 집행(이체) 완료 | AV77: N | AW77: 미등록 | AX77: 정상 | BA77: 미확정 | BF77: 현금 | BG77: 증빙우선 | BH77: 건별지급
A78: 2025.11.25 | B78: 2025.11.25 | C78: 2025.11.21 | D78: 기타증빙 | E78: 직접비 | F78: 인건비 | G78: 참여연구원 인건비 | H78: 223280 | I78: 223280 | J78: 0 | K78: 0 | L78: 223280 | M78: 0 | N78: 0 | O78: 0 | P78: 0 | Q78: 0 | R78: 0 | S78: 0 | T78: 0 | U78: 0 | V78: 0 | W78: 0 | X78: 정상 | Y78: 0 | Z78: 0 | AA78: 0 | AB78: 0 | AG78: 기관부담금액(건강보험(기관)외 4건)[202511]한호철 등 4명 인 | AI78: 기관부담금액(건강보험(기관)외 4건)[202511]한호철 등 4명 인 | AJ78: N | AK78: N | AU78: 집행(이체) 완료 | AV78: N | AW78: 미등록 | AX78: 정상 | BA78: 미확정 | BF78: 현금 | BG78: 증빙우선 | BH78: 건별지급
A79: 2025.11.25 | B79: 2025.11.25 | C79: 2025.11.21 | D79: 기타증빙 | E79: 직접비 | F79: 인건비 | G79: 참여연구원 인건비 | H79: 326410 | I79: 326410 | J79: 0 | K79: 0 | L79: 326410 | M79: 0 | N79: 0 | O79: 0 | P79: 0 | Q79: 0 | R79: 0 | S79: 0 | T79: 0 | U79: 0 | V79: 0 | W79: 0 | X79: 정상 | Y79: 0 | Z79: 0 | AA79: 0 | AB79: 0 | AG79: 퇴직적립금액(퇴직적립금)[202511]한호철 등 4명 인건비지급내 | AI79: 퇴직적립금액(퇴직적립금)[202511]한호철 등 4명 인건비지급내 | AJ79: N | AK79: N | AU79: 집행(이체) 완료 | AV79: N | AW79: 미등록 | AX79: 정상 | BA79: 미확정 | BF79: 현금 | BG79: 증빙우선 | BH79: 건별지급
A80: 2025.11.25 | B80: 2025.11.25 | C80: 2025.11.21 | D80: 기타증빙 | E80: 직접비 | F80: 인건비 | G80: 참여연구원 인건비 | H80: 425360 | I80: 425360 | J80: 0 | K80: 0 | L80: 425360 | M80: 0 | N80: 0 | O80: 0 | P80: 0 | Q80: 0 | R80: 0 | S80: 0 | T80: 0 | U80: 0 | V80: 0 | W80: 0 | X80: 정상 | Y80: 0 | Z80: 0 | AA80: 0 | AB80: 0 | AG80: 기관부담금액(건강보험(기관)외 4건)[202511]한호철 등 4명 인 | AI80: 기관부담금액(건강보험(기관)외 4건)[202511]한호철 등 4명 인 | AJ80: N | AK80: N | AU80: 집행(이체) 완료 | AV80: N | AW80: 미등록 | AX80: 정상 | BA80: 미확정 | BF80: 현금 | BG80: 증빙우선 | BH80: 건별지급
A81: 2025.11.25 | B81: 2025.11.25 | C81: 2025.11.21 | D81: 기타증빙 | E81: 직접비 | F81: 인건비 | G81: 참여연구원 인건비 | H81: 326417 | I81: 326417 | J81: 0 | K81: 0 | L81: 326417 | M81: 0 | N81: 0 | O81: 0 | P81: 0 | Q81: 0 | R81: 0 | S81: 0 | T81: 0 | U81: 0 | V81: 0 | W81: 0 | X81: 정상 | Y81: 0 | Z81: 0 | AA81: 0 | AB81: 0 | AG81: 퇴직적립금액(퇴직적립금)[202511]한호철 등 4명 인건비지급내 | AI81: 퇴직적립금액(퇴직적립금)[202511]한호철 등 4명 인건비지급내 | AJ81: N | AK81: N | AU81: 집행(이체) 완료 | AV81: N | AW81: 미등록 | AX81: 정상 | BA81: 미확정 | BF81: 현금 | BG81: 증빙우선 | BH81: 건별지급
A82: 2025.11.25 | B82: 2025.11.25 | C82: 2025.11.21 | D82: 기타증빙 | E82: 직접비 | F82: 인건비 | G82: 참여연구원 인건비 | H82: 200870 | I82: 200870 | J82: 0 | K82: 0 | L82: 200870 | M82: 0 | N82: 0 | O82: 0 | P82: 0 | Q82: 0 | R82: 0 | S82: 0 | T82: 0 | U82: 0 | V82: 0 | W82: 0 | X82: 정상 | Y82: 0 | Z82: 0 | AA82: 0 | AB82: 0 | AG82: 공제금액(근로)(소득세외 1건)[202511]한호철 등 4명 인건비지 | AI82: 공제금액(근로)(소득세외 1건)[202511]한호철 등 4명 인건비지 | AJ82: N | AK82: N | AU82: 집행(이체) 완료 | AV82: N | AW82: 미등록 | AX82: 정상 | BA82: 미확정 | BF82: 현금 | BG82: 증빙우선 | BH82: 건별지급
A83: 2025.11.25 | B83: 2025.11.25 | C83: 2025.11.21 | D83: 기타증빙 | E83: 직접비 | F83: 인건비 | G83: 참여연구원 인건비 | H83: 3347790 | I83: 3347790 | J83: 0 | K83: 0 | L83: 3347790 | M83: 0 | N83: 0 | O83: 0 | P83: 0 | Q83: 0 | R83: 0 | S83: 0 | T83: 0 | U83: 0 | V83: 0 | W83: 0 | X83: 정상 | Y83: 0 | Z83: 0 | AA83: 0 | AB83: 0 | AG83: 실수령금액(근로)(실수령액)[202511]한호철 등 4명 인건비지급 | AI83: 실수령금액(근로)(실수령액)[202511]한호철 등 4명 인건비지급 | AJ83: N | AK83: N | AU83: 집행(이체) 완료 | AV83: N | AW83: 미등록 | AX83: 정상 | BA83: 미확정 | BF83: 현금 | BG83: 증빙우선 | BH83: 건별지급
... A91: 2025.11.25 | B91: 2025.11.25 | C91: 2025.11.21 | D91: 기타증빙 | E91: 직접비 | F91: 인건비 | G91: 참여연구원 인건비 | H91: 1839670 | I91: 1839670 | J91: 0 | K91: 0 | L91: 1839670 | M91: 0 | N91: 0 | O91: 0 | P91: 0 | Q91: 0 | R91: 0 | S91: 0 | T91: 0 | U91: 0 | V91: 0 | W91: 0 | X91: 정상 | Y91: 0 | Z91: 0 | AA91: 0 | AB91: 0 | AG91: 실수령금액(근로)(실수령액)[202511]한호철 등 4명 인건비지급 | AI91: 실수령금액(근로)(실수령액)[202511]한호철 등 4명 인건비지급 | AJ91: N | AK91: N | AU91: 집행(이체) 완료 | AV91: N | AW91: 미등록 | AX91: 정상 | BA91: 미확정 | BF91: 현금 | BG91: 증빙우선 | BH91: 건별지급
A92: 2025.11.20 | B92: 2025.12.16 | C92: 2025.12.15 | D92: 카드결제 | E92: 직접비 | F92: 연구활동비 | G92: 출장비 | H92: 19900 | I92: 19900 | J92: 0 | K92: 0 | L92: 18091 | M92: 0 | N92: 0 | O92: 1809 | P92: 0 | Q92: 0 | R92: 0 | S92: 0 | T92: 0 | U92: 0 | V92: 0 | W92: 0 | X92: 정상 | Y92: 0 | Z92: 0 | AA92: 0 | AB92: 0 | AE92: 미등록 | AG92: 강훈경 외 0건 | AI92: 강훈경 외 0건 | AJ92: 애슐리퀸즈 스타필드마켓 일산점 | AK92: N | AM92: 5525-7642-1944-6438 | AN92: 24811972 | AO92: 2025.11.20 | AP92: 2025.11.21 | AQ92: 2026.01.15 | AR92: 19900 | AS92: 0 | AT92: 0 | AU92: 집행(이체) 완료 | AV92: N | AW92: 미등록 | AX92: 정상 | BA92: 미확정 | BF92: 현금 | BG92: 증빙우선 | BH92: 건별지급
A93: 2025.11.20 | B93: 2025.12.16 | C93: 2025.12.15 | D93: 카드결제 | E93: 직접비 | F93: 연구활동비 | G93: 연구활동비 기타비용 | H93: 318400 | I93: 318400 | J93: 0 | K93: 0 | L93: 289455 | M93: 0 | N93: 0 | O93: 28945 | P93: 0 | Q93: 0 | R93: 0 | S93: 0 | T93: 0 | U93: 0 | V93: 0 | W93: 0 | X93: 정상 | Y93: 0 | Z93: 0 | AA93: 0 | AB93: 0 | AG93: [일반지급신청]2025 유니위크 행사 (11/19~21) 학생 점심 식대_ 1, | AI93: [일반지급신청]2025 유니위크 행사 (11/19~21) 학생 점심 식대_ 1, | AJ93: 애슐리퀸즈 스타필드마켓 일산점 | AK93: N | AM93: 5525-7642-1944-6438 | AN93: 24794252 | AO93: 2025.11.20 | AP93: 2025.11.21 | AQ93: 2026.01.15 | AR93: 318400 | AS93: 0 | AT93: 0 | AU93: 집행(이체) 완료 | AV93: N | AW93: 미등록 | AX93: 정상 | BA93: 미확정 | BF93: 현금 | BG93: 증빙우선 | BH93: 건별지급
A94: 2025.11.20 | B94: 2025.12.16 | C94: 2025.12.15 | D94: 카드결제 | E94: 직접비 | F94: 연구활동비 | G94: 연구활동비 기타비용 | H94: 34760 | I94: 34760 | J94: 0 | K94: 0 | L94: 31600 | M94: 0 | N94: 0 | O94: 3160 | P94: 0 | Q94: 0 | R94: 0 | S94: 0 | T94: 0 | U94: 0 | V94: 0 | W94: 0 | X94: 정상 | Y94: 0 | Z94: 0 | AA94: 0 | AB94: 0 | AG94: [구매지출신청] 2차년도 연차실적 보고서 제본비 등 총 1건 | AI94: [구매지출신청] 2차년도 연차실적 보고서 제본비 등 총 1건 | AJ94: 시스템프로 | AK94: N | AM94: 5525-7642-1883-0921 | AN94: 30412207 | AO94: 2025.11.20 | AP94: 2025.11.21 | AQ94: 2026.01.15 | AR94: 34760 | AS94: 0 | AT94: 0 | AU94: 집행(이체) 완료 | AV94: N | AW94: 미등록 | AX94: 정상 | BA94: 미확정 | BF94: 현금 | BG94: 증빙우선 | BH94: 건별지급
A95: 2025.11.19 | B95: 2025.12.16 | C95: 2025.12.15 | D95: 카드결제 | E95: 직접비 | F95: 연구활동비 | G95: 출장비 | H95: 59700 | I95: 59700 | J95: 0 | K95: 0 | L95: 54273 | M95: 0 | N95: 0 | O95: 5427 | P95: 0 | Q95: 0 | R95: 0 | S95: 0 | T95: 0 | U95: 0 | V95: 0 | W95: 0 | X95: 정상 | Y95: 0 | Z95: 0 | AA95: 0 | AB95: 0 | AE95: 미등록 | AG95: 강훈경 외 0건 | AI95: 강훈경 외 0건 | AJ95: 애슐리퀸즈 스타필드마켓 일산점 | AK95: N | AM95: 5525-7642-1944-6438 | AN95: 12046401 | AO95: 2025.11.19 | AP95: 2025.11.20 | AQ95: 2026.01.15 | AR95: 59700 | AS95: 0 | AT95: 0 | AU95: 집행(이체) 완료 | AV95: N | AW95: 미등록 | AX95: 정상 | BA95: 미확정 | BF95: 현금 | BG95: 증빙우선 | BH95: 건별지급
A96: 2025.11.19 | B96: 2025.12.16 | C96: 2025.12.15 | D96: 카드결제 | E96: 직접비 | F96: 연구활동비 | G96: 출장비 | H96: 19900 | I96: 19900 | J96: 0 | K96: 0 | L96: 18091 | M96: 0 | N96: 0 | O96: 1809 | P96: 0 | Q96: 0 | R96: 0 | S96: 0 | T96: 0 | U96: 0 | V96: 0 | W96: 0 | X96: 정상 | Y96: 0 | Z96: 0 | AA96: 0 | AB96: 0 | AE96: 미등록 | AG96: 강훈경 외 0건 | AI96: 강훈경 외 0건 | AJ96: 애슐리퀸즈 스타필드마켓 일산점 | AK96: N | AM96: 5525-7642-1944-6438 | AN96: 11198811 | AO96: 2025.11.19 | AP96: 2025.11.20 | AQ96: 2026.01.15 | AR96: 19900 | AS96: 0 | AT96: 0 | AU96: 집행(이체) 완료 | AV96: N | AW96: 미등록 | AX96: 정상 | BA96: 미확정 | BF96: 현금 | BG96: 증빙우선 | BH96: 건별지급
A97: 2025.11.19 | B97: 2025.12.16 | C97: 2025.12.15 | D97: 카드결제 | E97: 직접비 | F97: 연구활동비 | G97: 연구활동비 기타비용 | H97: 159200 | I97: 159200 | J97: 0 | K97: 0 | L97: 144728 | M97: 0 | N97: 0 | O97: 14472 | P97: 0 | Q97: 0 | R97: 0 | S97: 0 | T97: 0 | U97: 0 | V97: 0 | W97: 0 | X97: 정상 | Y97: 0 | Z97: 0 | AA97: 0 | AB97: 0 | AG97: [일반지급신청]2025 유니위크 행사 (11/19~21) 학생 점심 식대_ 1, | AI97: [일반지급신청]2025 유니위크 행사 (11/19~21) 학생 점심 식대_ 1, | AJ97: 애슐리퀸즈 스타필드마켓 일산점 | AK97: N | AM97: 5525-7642-1944-6438 | AN97: 10945101 | AO97: 2025.11.19 | AP97: 2025.11.20 | AQ97: 2026.01.15 | AR97: 159200 | AS97: 0 | AT97: 0 | AU97: 집행(이체) 완료 | AV97: N | AW97: 미등록 | AX97: 정상 | BA97: 미확정 | BF97: 현금 | BG97: 증빙우선 | BH97: 건별지급
A98: 2025.11.19 | B98: 2025.12.16 | C98: 2025.12.15 | D98: 카드결제 | E98: 직접비 | F98: 연구활동비 | G98: 연구활동비 기타비용 | H98: 19900 | I98: 19900 | J98: 0 | K98: 0 | L98: 18091 | M98: 0 | N98: 0 | O98: 1809 | P98: 0 | Q98: 0 | R98: 0 | S98: 0 | T98: 0 | U98: 0 | V98: 0 | W98: 0 | X98: 정상 | Y98: 0 | Z98: 0 | AA98: 0 | AB98: 0 | AG98: [일반지급신청]2025 유니위크 행사 (11/19~21) 학생 점심 식대_ 1, | AI98: [일반지급신청]2025 유니위크 행사 (11/19~21) 학생 점심 식대_ 1, | AJ98: 애슐리퀸즈 스타필드마켓 일산점 | AK98: N | AM98: 5525-7642-1944-6438 | AN98: 11196955 | AO98: 2025.11.19 | AP98: 2025.11.21 | AQ98: 2026.01.15 | AR98: 19900 | AS98: 0 | AT98: 0 | AU98: 집행(이체) 완료 | AV98: N | AW98: 미등록 | AX98: 정상 | BA98: 미확정 | BF98: 현금 | BG98: 증빙우선 | BH98: 건별지급
A99: 2025.11.19 | B99: 2025.12.16 | C99: 2025.12.15 | D99: 카드결제 | E99: 직접비 | F99: 연구활동비 | G99: 연구활동비 기타비용 | H99: 19900 | I99: 19900 | J99: 0 | K99: 0 | L99: 18091 | M99: 0 | N99: 0 | O99: 1809 | P99: 0 | Q99: 0 | R99: 0 | S99: 0 | T99: 0 | U99: 0 | V99: 0 | W99: 0 | X99: 정상 | Y99: 0 | Z99: 0 | AA99: 0 | AB99: 0 | AG99: [일반지급신청]2025 유니위크 행사 (11/19~21) 학생 점심 식대_ 1, | AI99: [일반지급신청]2025 유니위크 행사 (11/19~21) 학생 점심 식대_ 1, | AJ99: 애슐리퀸즈 스타필드마켓 일산점 | AK99: N | AM99: 5525-7642-1944-6438 | AN99: 11200752 | AO99: 2025.11.19 | AP99: 2025.11.21 | AQ99: 2026.01.15 | AR99: 19900 | AS99: 0 | AT99: 0 | AU99: 집행(이체) 완료 | AV99: N | AW99: 미등록 | AX99: 정상 | BA99: 미확정 | BF99: 현금 | BG99: 증빙우선 | BH99: 건별지급
A100: 2025.11.19 | B100: 2025.12.09 | C100: 2025.12.08 | D100: 카드결제 | E100: 직접비 | F100: 연구활동비 | G100: 연구활동비 기타비용 | H100: 2180000 | I100: 2180000 | J100: 0 | K100: 0 | L100: 1981819 | M100: 0 | N100: 0 | O100: 198181 | P100: 0 | Q100: 0 | R100: 0 | S100: 0 | T100: 0 | U100: 0 | V100: 0 | W100: 0 | X100: 정상 | Y100: 0 | Z100: 0 | AA100: 0 | AB100: 0 | AG100: [일반지급신청] 차세대지능형반도체전공 2025년 장학생 간담 | AI100: [일반지급신청] 차세대지능형반도체전공 2025년 장학생 간담 | AJ100: 믿음상패 | AK100: N | AM100: 5525-7642-1699-1980 | AN100: 14923304 | AO100: 2025.11.19 | AP100: 2025.11.21 | AQ100: 2025.12.15 | AR100: 2180000 | AS100: 0 | AT100: 0 | AU100: 집행(이체) 완료 | AV100: N | AW100: 미등록 | AX100: 정상 | BA100: 미확정 | BF100: 현금 | BG100: 증빙우선 | BH100: 건별지급
A101: 2025.11.19 | B101: 2025.12.09 | C101: 2025.12.08 | D101: 카드결제 | E101: 직접비 | F101: 연구활동비 | G101: 연구활동비 기타비용 | H101: 2180000 | I101: 2180000 | J101: 0 | K101: 0 | L101: 1981819 | M101: 0 | N101: 0 | O101: 198181 | P101: 0 | Q101: 0 | R101: 0 | S101: 0 | T101: 0 | U101: 0 | V101: 0 | W101: 0 | X101: 정상 | Y101: 0 | Z101: 0 | AA101: 0 | AB101: 0 | AG101: [일반지급신청] 차세대지능형반도체전공 2025년 장학생 간담 | AI101: [일반지급신청] 차세대지능형반도체전공 2025년 장학생 간담 | AJ101: 믿음상패 | AK101: N | AM101: 5525-7642-1699-1980 | AN101: 14934705 | AO101: 2025.11.19 | AP101: 2025.11.20 | AQ101: 2025.12.15 | AR101: 2180000 | AS101: 0 | AT101: 0 | AU101: 집행(이체) 완료 | AV101: N | AW101: 미등록 | AX101: 정상 | BA101: 미확정 | BF101: 현금 | BG101: 증빙우선 | BH101: 건별지급
A102: 2025.11.19 | B102: 2025.11.19 | C102: 2025.11.19 | D102: 기타증빙 | E102: 직접비 | F102: 연구활동비 | G102: 외부 전문기술 활용비 | H102: 96800 | I102: 96800 | J102: 0 | K102: 0 | L102: 96800 | M102: 0 | N102: 0 | O102: 0 | P102: 0 | Q102: 0 | R102: 0 | S102: 0 | T102: 0 | U102: 0 | V102: 0 | W102: 0 | X102: 정상 | Y102: 0 | Z102: 0 | AA102: 0 | AB102: 0 | AE102: 미등록 | AG102: 공제금액(기타)(소득세외 1건)우수장학금 지급 신청서 | AI102: 공제금액(기타)(소득세외 1건)우수장학금 지급 신청서 | AJ102: N | AK102: N | AU102: 집행(이체) 완료 | AV102: N | AW102: 미등록 | AX102: 정상 | BA102: 미확정 | BF102: 현금 | BG102: 증빙우선 | BH102: 건별지급
A103: 2025.11.19 | B103: 2025.11.19 | C103: 2025.11.19 | D103: 기타증빙 | E103: 직접비 | F103: 연구활동비 | G103: 외부 전문기술 활용비 | H103: 1003200 | I103: 1003200 | J103: 0 | K103: 0 | L103: 1003200 | M103: 0 | N103: 0 | O103: 0 | P103: 0 | Q103: 0 | R103: 0 | S103: 0 | T103: 0 | U103: 0 | V103: 0 | W103: 0 | X103: 정상 | Y103: 0 | Z103: 0 | AA103: 0 | AB103: 0 | AE103: 미등록 | AG103: 실수령금액(기타)(실수령액)우수장학금 지급 신청서 | AI103: 실수령금액(기타)(실수령액)우수장학금 지급 신청서 | AJ103: N | AK103: N | AU103: 집행(이체) 완료 | AV103: N | AW103: 미등록 | AX103: 정상 | BA103: 미확정 | BF103: 현금 | BG103: 증빙우선 | BH103: 건별지급
A104: 2025.11.19 | B104: 2025.11.19 | C104: 2025.11.19 | D104: 기타증빙 | E104: 직접비 | F104: 연구활동비 | G104: 외부 전문기술 활용비 | H104: 547200 | I104: 547200 | J104: 0 | K104: 0 | L104: 547200 | M104: 0 | N104: 0 | O104: 0 | P104: 0 | Q104: 0 | R104: 0 | S104: 0 | T104: 0 | U104: 0 | V104: 0 | W104: 0 | X104: 정상 | Y104: 0 | Z104: 0 | AA104: 0 | AB104: 0 | AE104: 해당없음 | AG104: 실수령금액(기타)(실수령액)우수장학금 지급 신청서 | AI104: 실수령금액(기타)(실수령액)우수장학금 지급 신청서 | AJ104: N | AK104: N | AU104: 집행(이체) 완료 | AV104: N | AW104: 미등록 | AX104: 정상 | BA104: 미확정 | BF104: 현금 | BG104: 증빙우선 | BH104: 건별지급
A105: 2025.11.19 | B105: 2025.11.19 | C105: 2025.11.19 | D105: 기타증빙 | E105: 직접비 | F105: 연구활동비 | G105: 외부 전문기술 활용비 | H105: 547200 | I105: 547200 | J105: 0 | K105: 0 | L105: 547200 | M105: 0 | N105: 0 | O105: 0 | P105: 0 | Q105: 0 | R105: 0 | S105: 0 | T105: 0 | U105: 0 | V105: 0 | W105: 0 | X105: 정상 | Y105: 0 | Z105: 0 | AA105: 0 | AB105: 0 | AE105: 미등록 | AG105: 실수령금액(기타)(실수령액)우수장학금 지급 신청서 | AI105: 실수령금액(기타)(실수령액)우수장학금 지급 신청서 | AJ105: N | AK105: N | AU105: 집행(이체) 완료 | AV105: N | AW105: 미등록 | AX105: 정상 | BA105: 미확정 | BF105: 현금 | BG105: 증빙우선 | BH105: 건별지급
A106: 2025.11.19 | B106: 2025.11.19 | C106: 2025.11.19 | D106: 기타증빙 | E106: 직접비 | F106: 연구활동비 | G106: 외부 전문기술 활용비 | H106: 52800 | I106: 52800 | J106: 0 | K106: 0 | L106: 52800 | M106: 0 | N106: 0 | O106: 0 | P106: 0 | Q106: 0 | R106: 0 | S106: 0 | T106: 0 | U106: 0 | V106: 0 | W106: 0 | X106: 정상 | Y106: 0 | Z106: 0 | AA106: 0 | AB106: 0 | AE106: 미등록 | AG106: 공제금액(기타)(소득세외 1건)우수장학금 지급 신청서 | AI106: 공제금액(기타)(소득세외 1건)우수장학금 지급 신청서 | AJ106: N | AK106: N | AU106: 집행(이체) 완료 | AV106: N | AW106: 미등록 | AX106: 정상 | BA106: 미확정 | BF106: 현금 | BG106: 증빙우선 | BH106: 건별지급
A107: 2025.11.19 | B107: 2025.11.19 | C107: 2025.11.19 | D107: 기타증빙 | E107: 직접비 | F107: 연구활동비 | G107: 외부 전문기술 활용비 | H107: 140800 | I107: 140800 | J107: 0 | K107: 0 | L107: 140800 | M107: 0 | N107: 0 | O107: 0 | P107: 0 | Q107: 0 | R107: 0 | S107: 0 | T107: 0 | U107: 0 | V107: 0 | W107: 0 | X107: 정상 | Y107: 0 | Z107: 0 | AA107: 0 | AB107: 0 | AE107: 미등록 | AG107: 공제금액(기타)(소득세외 1건)우수장학금 지급 신청서 | AI107: 공제금액(기타)(소득세외 1건)우수장학금 지급 신청서 | AJ107: N | AK107: N | AU107: 집행(이체) 완료 | AV107: N | AW107: 미등록 | AX107: 정상 | BA107: 미확정 | BF107: 현금 | BG107: 증빙우선 | BH107: 건별지급
A108: 2025.11.19 | B108: 2025.11.19 | C108: 2025.11.19 | D108: 기타증빙 | E108: 직접비 | F108: 연구활동비 | G108: 외부 전문기술 활용비 | H108: 547200 | I108: 547200 | J108: 0 | K108: 0 | L108: 547200 | M108: 0 | N108: 0 | O108: 0 | P108: 0 | Q108: 0 | R108: 0 | S108: 0 | T108: 0 | U108: 0 | V108: 0 | W108: 0 | X108: 정상 | Y108: 0 | Z108: 0 | AA108: 0 | AB108: 0 | AE108: 미등록 | AG108: 실수령금액(기타)(실수령액)우수장학금 지급 신청서 | AI108: 실수령금액(기타)(실수령액)우수장학금 지급 신청서 | AJ108: N | AK108: N | AU108: 집행(이체) 완료 | AV108: N | AW108: 미등록 | AX108: 정상 | BA108: 미확정 | BF108: 현금 | BG108: 증빙우선 | BH108: 건별지급
A109: 2025.11.19 | B109: 2025.11.19 | C109: 2025.11.19 | D109: 기타증빙 | E109: 직접비 | F109: 연구활동비 | G109: 외부 전문기술 활용비 | H109: 52800 | I109: 52800 | J109: 0 | K109: 0 | L109: 52800 | M109: 0 | N109: 0 | O109: 0 | P109: 0 | Q109: 0 | R109: 0 | S109: 0 | T109: 0 | U109: 0 | V109: 0 | W109: 0 | X109: 정상 | Y109: 0 | Z109: 0 | AA109: 0 | AB109: 0 | AE109: 미등록 | AG109: 공제금액(기타)(소득세외 1건)우수장학금 지급 신청서 | AI109: 공제금액(기타)(소득세외 1건)우수장학금 지급 신청서 | AJ109: N | AK109: N | AU109: 집행(이체) 완료 | AV109: N | AW109: 미등록 | AX109: 정상 | BA109: 미확정 | BF109: 현금 | BG109: 증빙우선 | BH109: 건별지급
A110: 2025.11.19 | B110: 2025.11.19 | C110: 2025.11.19 | D110: 기타증빙 | E110: 직접비 | F110: 연구활동비 | G110: 외부 전문기술 활용비 | H110: 1003200 | I110: 1003200 | J110: 0 | K110: 0 | L110: 1003200 | M110: 0 | N110: 0 | O110: 0 | P110: 0 | Q110: 0 | R110: 0 | S110: 0 | T110: 0 | U110: 0 | V110: 0 | W110: 0 | X110: 정상 | Y110: 0 | Z110: 0 | AA110: 0 | AB110: 0 | AE110: 미등록 | AG110: 실수령금액(기타)(실수령액)우수장학금 지급 신청서 | AI110: 실수령금액(기타)(실수령액)우수장학금 지급 신청서 | AJ110: N | AK110: N | AU110: 집행(이체) 완료 | AV110: N | AW110: 미등록 | AX110: 정상 | BA110: 미확정 | BF110: 현금 | BG110: 증빙우선 | BH110: 건별지급
A111: 2025.11.19 | B111: 2025.11.19 | C111: 2025.11.19 | D111: 기타증빙 | E111: 직접비 | F111: 연구활동비 | G111: 외부 전문기술 활용비 | H111: 52800 | I111: 52800 | J111: 0 | K111: 0 | L111: 52800 | M111: 0 | N111: 0 | O111: 0 | P111: 0 | Q111: 0 | R111: 0 | S111: 0 | T111: 0 | U111: 0 | V111: 0 | W111: 0 | X111: 정상 | Y111: 0 | Z111: 0 | AA111: 0 | AB111: 0 | AE111: 미등록 | AG111: 공제금액(기타)(소득세외 1건)우수장학금 지급 신청서 | AI111: 공제금액(기타)(소득세외 1건)우수장학금 지급 신청서 | AJ111: N | AK111: N | AU111: 집행(이체) 완료 | AV111: N | AW111: 미등록 | AX111: 정상 | BA111: 미확정 | BF111: 현금 | BG111: 증빙우선 | BH111: 건별지급
A112: 2025.11.19 | B112: 2025.11.19 | C112: 2025.11.19 | D112: 기타증빙 | E112: 직접비 | F112: 연구활동비 | G112: 외부 전문기술 활용비 | H112: 88000 | I112: 88000 | J112: 0 | K112: 0 | L112: 88000 | M112: 0 | N112: 0 | O112: 0 | P112: 0 | Q112: 0 | R112: 0 | S112: 0 | T112: 0 | U112: 0 | V112: 0 | W112: 0 | X112: 정상 | Y112: 0 | Z112: 0 | AA112: 0 | AB112: 0 | AE112: 미등록 | AG112: 공제금액(기타)(소득세외 1건)3기 융합전공 선발장학금 지급 | AI112: 공제금액(기타)(소득세외 1건)3기 융합전공 선발장학금 지급 | AJ112: N | AK112: N | AU112: 집행(이체) 완료 | AV112: N | AW112: 미등록 | AX112: 정상 | BA112: 미확정 | BF112: 현금 | BG112: 증빙우선 | BH112: 건별지급
A113: 2025.11.19 | B113: 2025.11.19 | C113: 2025.11.19 | D113: 기타증빙 | E113: 직접비 | F113: 연구활동비 | G113: 외부 전문기술 활용비 | H113: 912000 | I113: 912000 | J113: 0 | K113: 0 | L113: 912000 | M113: 0 | N113: 0 | O113: 0 | P113: 0 | Q113: 0 | R113: 0 | S113: 0 | T113: 0 | U113: 0 | V113: 0 | W113: 0 | X113: 정상 | Y113: 0 | Z113: 0 | AA113: 0 | AB113: 0 | AE113: 미등록 | AG113: 실수령금액(기타)(실수령액)3기 융합전공 선발장학금 지급 | AI113: 실수령금액(기타)(실수령액)3기 융합전공 선발장학금 지급 | AJ113: N | AK113: N | AU113: 집행(이체) 완료 | AV113: N | AW113: 미등록 | AX113: 정상 | BA113: 미확정 | BF113: 현금 | BG113: 증빙우선 | BH113: 건별지급
... A159: 2025.11.19 | B159: 2025.11.19 | C159: 2025.11.19 | D159: 기타증빙 | E159: 직접비 | F159: 연구활동비 | G159: 외부 전문기술 활용비 | H159: 912000 | I159: 912000 | J159: 0 | K159: 0 | L159: 912000 | M159: 0 | N159: 0 | O159: 0 | P159: 0 | Q159: 0 | R159: 0 | S159: 0 | T159: 0 | U159: 0 | V159: 0 | W159: 0 | X159: 정상 | Y159: 0 | Z159: 0 | AA159: 0 | AB159: 0 | AE159: 미등록 | AG159: 실수령금액(기타)(실수령액)3기 융합전공 선발장학금 지급 | AI159: 실수령금액(기타)(실수령액)3기 융합전공 선발장학금 지급 | AJ159: N | AK159: N | AU159: 집행(이체) 완료 | AV159: N | AW159: 미등록 | AX159: 정상 | BA159: 미확정 | BF159: 현금 | BG159: 증빙우선 | BH159: 건별지급
A160: 2025.11.19 | B160: 2025.11.19 | C160: 2025.11.19 | D160: 기타증빙 | E160: 직접비 | F160: 연구시설·장비비 | G160: 연구시설ㆍ장비 운영ㆍ유지비 | H160: 30000 | I160: 30000 | J160: 0 | K160: 0 | L160: 30000 | M160: 0 | N160: 0 | O160: 0 | P160: 0 | Q160: 0 | R160: 0 | S160: 0 | T160: 0 | U160: 0 | V160: 0 | W160: 0 | X160: 정상 | Y160: 0 | Z160: 0 | AA160: 0 | AB160: 0 | AG160: [구매지출신청] 스위치 매트릭스 구입시 나라장터 이용수수 | AI160: [구매지출신청] 스위치 매트릭스 구입시 나라장터 이용수수 | AJ160: N | AK160: N | AU160: 집행(이체) 완료 | AV160: N | AW160: 미등록 | AX160: 정상 | BA160: 미확정 | BF160: 현금 | BG160: 증빙우선 | BH160: 건별지급
A161: 2025.11.19 | B161: 2025.11.19 | C161: 2025.11.19 | D161: 기타증빙 | E161: 직접비 | F161: 연구활동비 | G161: 외부 전문기술 활용비 | H161: 912000 | I161: 912000 | J161: 0 | K161: 0 | L161: 912000 | M161: 0 | N161: 0 | O161: 0 | P161: 0 | Q161: 0 | R161: 0 | S161: 0 | T161: 0 | U161: 0 | V161: 0 | W161: 0 | X161: 정상 | Y161: 0 | Z161: 0 | AA161: 0 | AB161: 0 | AE161: 미등록 | AG161: 실수령금액(기타)(실수령액)3기 융합전공 선발장학금 지급 | AI161: 실수령금액(기타)(실수령액)3기 융합전공 선발장학금 지급 | AJ161: N | AK161: N | AU161: 집행(이체) 완료 | AV161: N | AW161: 미등록 | AX161: 정상 | BA161: 미확정 | BF161: 현금 | BG161: 증빙우선 | BH161: 건별지급
A162: 2025.11.19 | B162: 2025.11.19 | C162: 2025.11.19 | D162: 기타증빙 | E162: 직접비 | F162: 연구활동비 | G162: 외부 전문기술 활용비 | H162: 88000 | I162: 88000 | J162: 0 | K162: 0 | L162: 88000 | M162: 0 | N162: 0 | O162: 0 | P162: 0 | Q162: 0 | R162: 0 | S162: 0 | T162: 0 | U162: 0 | V162: 0 | W162: 0 | X162: 정상 | Y162: 0 | Z162: 0 | AA162: 0 | AB162: 0 | AE162: 미등록 | AG162: 공제금액(기타)(소득세외 1건)3기 융합전공 선발장학금 지급 | AI162: 공제금액(기타)(소득세외 1건)3기 융합전공 선발장학금 지급 | AJ162: N | AK162: N | AU162: 집행(이체) 완료 | AV162: N | AW162: 미등록 | AX162: 정상 | BA162: 미확정 | BF162: 현금 | BG162: 증빙우선 | BH162: 건별지급
A163: 2025.11.19 | B163: 2025.11.19 | C163: 2025.11.19 | D163: 기타증빙 | E163: 직접비 | F163: 연구활동비 | G163: 외부 전문기술 활용비 | H163: 638400 | I163: 638400 | J163: 0 | K163: 0 | L163: 638400 | M163: 0 | N163: 0 | O163: 0 | P163: 0 | Q163: 0 | R163: 0 | S163: 0 | T163: 0 | U163: 0 | V163: 0 | W163: 0 | X163: 정상 | Y163: 0 | Z163: 0 | AA163: 0 | AB163: 0 | AE163: 미등록 | AG163: 실수령금액(기타)(실수령액)3기 융합전공 선발장학금 지급 | AI163: 실수령금액(기타)(실수령액)3기 융합전공 선발장학금 지급 | AJ163: N | AK163: N | AU163: 집행(이체) 완료 | AV163: N | AW163: 미등록 | AX163: 정상 | BA163: 미확정 | BF163: 현금 | BG163: 증빙우선 | BH163: 건별지급
A164: 2025.11.19 | B164: 2025.11.19 | C164: 2025.11.19 | D164: 기타증빙 | E164: 직접비 | F164: 연구활동비 | G164: 외부 전문기술 활용비 | H164: 61600 | I164: 61600 | J164: 0 | K164: 0 | L164: 61600 | M164: 0 | N164: 0 | O164: 0 | P164: 0 | Q164: 0 | R164: 0 | S164: 0 | T164: 0 | U164: 0 | V164: 0 | W164: 0 | X164: 정상 | Y164: 0 | Z164: 0 | AA164: 0 | AB164: 0 | AE164: 미등록 | AG164: 공제금액(기타)(소득세외 1건)3기 융합전공 선발장학금 지급 | AI164: 공제금액(기타)(소득세외 1건)3기 융합전공 선발장학금 지급 | AJ164: N | AK164: N | AU164: 집행(이체) 완료 | AV164: N | AW164: 미등록 | AX164: 정상 | BA164: 미확정 | BF164: 현금 | BG164: 증빙우선 | BH164: 건별지급
A165: 2025.11.19 | B165: 2025.11.19 | C165: 2025.11.19 | D165: 기타증빙 | E165: 직접비 | F165: 연구활동비 | G165: 외부 전문기술 활용비 | H165: 61600 | I165: 61600 | J165: 0 | K165: 0 | L165: 61600 | M165: 0 | N165: 0 | O165: 0 | P165: 0 | Q165: 0 | R165: 0 | S165: 0 | T165: 0 | U165: 0 | V165: 0 | W165: 0 | X165: 정상 | Y165: 0 | Z165: 0 | AA165: 0 | AB165: 0 | AE165: 미등록 | AG165: 공제금액(기타)(소득세외 1건)3기 융합전공 선발장학금 지급 | AI165: 공제금액(기타)(소득세외 1건)3기 융합전공 선발장학금 지급 | AJ165: N | AK165: N | AU165: 집행(이체) 완료 | AV165: N | AW165: 미등록 | AX165: 정상 | BA165: 미확정 | BF165: 현금 | BG165: 증빙우선 | BH165: 건별지급
A166: 2025.11.19 | B166: 2025.11.19 | C166: 2025.11.19 | D166: 기타증빙 | E166: 직접비 | F166: 연구활동비 | G166: 외부 전문기술 활용비 | H166: 912000 | I166: 912000 | J166: 0 | K166: 0 | L166: 912000 | M166: 0 | N166: 0 | O166: 0 | P166: 0 | Q166: 0 | R166: 0 | S166: 0 | T166: 0 | U166: 0 | V166: 0 | W166: 0 | X166: 정상 | Y166: 0 | Z166: 0 | AA166: 0 | AB166: 0 | AE166: 미등록 | AG166: 실수령금액(기타)(실수령액)3기 융합전공 선발장학금 지급 | AI166: 실수령금액(기타)(실수령액)3기 융합전공 선발장학금 지급 | AJ166: N | AK166: N | AU166: 집행(이체) 완료 | AV166: N | AW166: 미등록 | AX166: 정상 | BA166: 미확정 | BF166: 현금 | BG166: 증빙우선 | BH166: 건별지급
A167: 2025.11.19 | B167: 2025.11.19 | C167: 2025.11.19 | D167: 기타증빙 | E167: 직접비 | F167: 연구활동비 | G167: 외부 전문기술 활용비 | H167: 912000 | I167: 912000 | J167: 0 | K167: 0 | L167: 912000 | M167: 0 | N167: 0 | O167: 0 | P167: 0 | Q167: 0 | R167: 0 | S167: 0 | T167: 0 | U167: 0 | V167: 0 | W167: 0 | X167: 정상 | Y167: 0 | Z167: 0 | AA167: 0 | AB167: 0 | AE167: 미등록 | AG167: 실수령금액(기타)(실수령액)3기 융합전공 선발장학금 지급 | AI167: 실수령금액(기타)(실수령액)3기 융합전공 선발장학금 지급 | AJ167: N | AK167: N | AU167: 집행(이체) 완료 | AV167: N | AW167: 미등록 | AX167: 정상 | BA167: 미확정 | BF167: 현금 | BG167: 증빙우선 | BH167: 건별지급
A168: 2025.11.19 | B168: 2025.11.19 | C168: 2025.11.19 | D168: 기타증빙 | E168: 직접비 | F168: 연구활동비 | G168: 외부 전문기술 활용비 | H168: 912000 | I168: 912000 | J168: 0 | K168: 0 | L168: 912000 | M168: 0 | N168: 0 | O168: 0 | P168: 0 | Q168: 0 | R168: 0 | S168: 0 | T168: 0 | U168: 0 | V168: 0 | W168: 0 | X168: 정상 | Y168: 0 | Z168: 0 | AA168: 0 | AB168: 0 | AE168: 미등록 | AG168: 실수령금액(기타)(실수령액)3기 융합전공 선발장학금 지급 | AI168: 실수령금액(기타)(실수령액)3기 융합전공 선발장학금 지급 | AJ168: N | AK168: N | AU168: 집행(이체) 완료 | AV168: N | AW168: 미등록 | AX168: 정상 | BA168: 미확정 | BF168: 현금 | BG168: 증빙우선 | BH168: 건별지급
A169: 2025.11.19 | B169: 2025.11.19 | C169: 2025.11.19 | D169: 기타증빙 | E169: 직접비 | F169: 연구활동비 | G169: 외부 전문기술 활용비 | H169: 88000 | I169: 88000 | J169: 0 | K169: 0 | L169: 88000 | M169: 0 | N169: 0 | O169: 0 | P169: 0 | Q169: 0 | R169: 0 | S169: 0 | T169: 0 | U169: 0 | V169: 0 | W169: 0 | X169: 정상 | Y169: 0 | Z169: 0 | AA169: 0 | AB169: 0 | AE169: 미등록 | AG169: 공제금액(기타)(소득세외 1건)3기 융합전공 선발장학금 지급 | AI169: 공제금액(기타)(소득세외 1건)3기 융합전공 선발장학금 지급 | AJ169: N | AK169: N | AU169: 집행(이체) 완료 | AV169: N | AW169: 미등록 | AX169: 정상 | BA169: 미확정 | BF169: 현금 | BG169: 증빙우선 | BH169: 건별지급
A170: 2025.11.19 | B170: 2025.11.19 | C170: 2025.11.19 | D170: 기타증빙 | E170: 직접비 | F170: 연구활동비 | G170: 외부 전문기술 활용비 | H170: 88000 | I170: 88000 | J170: 0 | K170: 0 | L170: 88000 | M170: 0 | N170: 0 | O170: 0 | P170: 0 | Q170: 0 | R170: 0 | S170: 0 | T170: 0 | U170: 0 | V170: 0 | W170: 0 | X170: 정상 | Y170: 0 | Z170: 0 | AA170: 0 | AB170: 0 | AE170: 미등록 | AG170: 공제금액(기타)(소득세외 1건)3기 융합전공 선발장학금 지급 | AI170: 공제금액(기타)(소득세외 1건)3기 융합전공 선발장학금 지급 | AJ170: N | AK170: N | AU170: 집행(이체) 완료 | AV170: N | AW170: 미등록 | AX170: 정상 | BA170: 미확정 | BF170: 현금 | BG170: 증빙우선 | BH170: 건별지급
A171: 2025.11.19 | B171: 2025.11.19 | C171: 2025.11.19 | D171: 기타증빙 | E171: 직접비 | F171: 연구활동비 | G171: 외부 전문기술 활용비 | H171: 88000 | I171: 88000 | J171: 0 | K171: 0 | L171: 88000 | M171: 0 | N171: 0 | O171: 0 | P171: 0 | Q171: 0 | R171: 0 | S171: 0 | T171: 0 | U171: 0 | V171: 0 | W171: 0 | X171: 정상 | Y171: 0 | Z171: 0 | AA171: 0 | AB171: 0 | AE171: 미등록 | AG171: 공제금액(기타)(소득세외 1건)3기 융합전공 선발장학금 지급 | AI171: 공제금액(기타)(소득세외 1건)3기 융합전공 선발장학금 지급 | AJ171: N | AK171: N | AU171: 집행(이체) 완료 | AV171: N | AW171: 미등록 | AX171: 정상 | BA171: 미확정 | BF171: 현금 | BG171: 증빙우선 | BH171: 건별지급
A172: 2025.11.19 | B172: 2025.11.19 | C172: 2025.11.19 | D172: 기타증빙 | E172: 직접비 | F172: 연구활동비 | G172: 외부 전문기술 활용비 | H172: 912000 | I172: 912000 | J172: 0 | K172: 0 | L172: 912000 | M172: 0 | N172: 0 | O172: 0 | P172: 0 | Q172: 0 | R172: 0 | S172: 0 | T172: 0 | U172: 0 | V172: 0 | W172: 0 | X172: 정상 | Y172: 0 | Z172: 0 | AA172: 0 | AB172: 0 | AE172: 미등록 | AG172: 실수령금액(기타)(실수령액)3기 융합전공 선발장학금 지급 | AI172: 실수령금액(기타)(실수령액)3기 융합전공 선발장학금 지급 | AJ172: N | AK172: N | AU172: 집행(이체) 완료 | AV172: N | AW172: 미등록 | AX172: 정상 | BA172: 미확정 | BF172: 현금 | BG172: 증빙우선 | BH172: 건별지급
... A176: 2025.11.19 | B176: 2025.11.19 | C176: 2025.11.19 | D176: 기타증빙 | E176: 직접비 | F176: 연구활동비 | G176: 외부 전문기술 활용비 | H176: 912000 | I176: 912000 | J176: 0 | K176: 0 | L176: 912000 | M176: 0 | N176: 0 | O176: 0 | P176: 0 | Q176: 0 | R176: 0 | S176: 0 | T176: 0 | U176: 0 | V176: 0 | W176: 0 | X176: 정상 | Y176: 0 | Z176: 0 | AA176: 0 | AB176: 0 | AE176: 미등록 | AG176: 실수령금액(기타)(실수령액)3기 융합전공 선발장학금 지급 | AI176: 실수령금액(기타)(실수령액)3기 융합전공 선발장학금 지급 | AJ176: N | AK176: N | AU176: 집행(이체) 완료 | AV176: N | AW176: 미등록 | AX176: 정상 | BA176: 미확정 | BF176: 현금 | BG176: 증빙우선 | BH176: 건별지급
A177: 2025.11.18 | B177: 2025.12.05 | C177: 2025.12.04 | D177: 카드결제 | E177: 직접비 | F177: 연구활동비 | G177: 연구실운영비 | H177: 99900 | I177: 99900 | J177: 0 | K177: 0 | L177: 90819 | M177: 0 | N177: 0 | O177: 9081 | P177: 0 | Q177: 0 | R177: 0 | S177: 0 | T177: 0 | U177: 0 | V177: 0 | W177: 0 | X177: 정상 | Y177: 0 | Z177: 0 | AA177: 0 | AB177: 0 | AG177: [구매지출신청] 도시바 외장하드 1테라 저장장치 1TB 외장HDD ( | AI177: [구매지출신청] 도시바 외장하드 1테라 저장장치 1TB 외장HDD ( | AJ177: 네이버파이낸셜（주） | AK177: N | AM177: 5525-7642-1944-6438 | AN177: 48039399 | AO177: 2025.11.18 | AP177: 2025.11.19 | AQ177: 2025.12.15 | AR177: 99900 | AS177: 0 | AT177: 0 | AU177: 집행(이체) 완료 | AV177: N | AW177: 미등록 | AX177: 정상 | BA177: 미확정 | BF177: 현금 | BG177: 증빙우선 | BH177: 건별지급
A178: 2025.12.18 | B178: 2025.12.19 | C178: 2025.12.19 | D178: 전자(세금)계산서 | E178: 직접비 | F178: 연구시설·장비비 | G178: 연구시설ㆍ장비 구입ㆍ설치비 | H178: 93575000 | I178: 93575000 | J178: 0 | K178: 0 | L178: 85068182 | M178: 0 | N178: 0 | O178: 8506818 | P178: 0 | Q178: 0 | R178: 0 | S178: 0 | T178: 0 | U178: 0 | V178: 0 | W178: 0 | X178: 정상 | Y178: 0 | Z178: 0 | AA178: 0 | AB178: 0 | AD178: 시설 | AG178: 스위치 매트릭스 계약 | AI178: 스위치 매트릭스 계약 | AJ178: 주식회사 오티에스테크놀러지 | AK178: N | AU178: 집행(이체) 완료 | AV178: N | AW178: 미등록 | AX178: 미확정 | BA178: 미확정 | BF178: 현금 | BG178: 증빙우선 | BH178: 건별지급
A179: 2025.12.05 | B179: 2025.12.08 | C179: 2025.12.05 | D179: 전자(세금)계산서 | E179: 직접비 | F179: 연구시설·장비비 | G179: 연구시설ㆍ장비 구입ㆍ설치비 | H179: 95705550 | I179: 95705550 | J179: 0 | K179: 0 | L179: 87005045 | M179: 0 | N179: 0 | O179: 8700505 | P179: 0 | Q179: 0 | R179: 0 | S179: 0 | T179: 0 | U179: 0 | V179: 0 | W179: 0 | X179: 정상 | Y179: 0 | Z179: 0 | AA179: 0 | AB179: 0 | AD179: 시설 | AG179: 멀티 어레이 프로브카드 프로브스테이션 장비 구매 | AI179: 멀티 어레이 프로브카드 프로브스테이션 장비 구매 | AJ179: 주식회사 오티에스테크놀러지 | AK179: N | AU179: 집행(이체) 완료 | AV179: N | AW179: 미등록 | AX179: 미확정 | BA179: 미확정 | BF179: 현금 | BG179: 증빙우선 | BH179: 건별지급
A180: 2025.12.05 | B180: 2025.12.08 | C180: 2025.12.05 | D180: 전자(세금)계산서 | E180: 직접비 | F180: 연구시설·장비비 | G180: 연구시설ㆍ장비 구입ㆍ설치비 | H180: 96997000 | I180: 96997000 | J180: 0 | K180: 0 | L180: 88179091 | M180: 0 | N180: 0 | O180: 8817909 | P180: 0 | Q180: 0 | R180: 0 | S180: 0 | T180: 0 | U180: 0 | V180: 0 | W180: 0 | X180: 정상 | Y180: 0 | Z180: 0 | AA180: 0 | AB180: 0 | AD180: 시설 | AG180: 반도체특성분석기 (파라미터분석기) 구매 | AI180: 반도체특성분석기 (파라미터분석기) 구매 | AJ180: 주식회사 오티에스테크놀러지 | AK180: N | AU180: 집행(이체) 완료 | AV180: N | AW180: 미등록 | AX180: 미확정 | BA180: 미확정 | BF180: 현금 | BG180: 증빙우선 | BH180: 건별지급
A181: 2025.11.19 | B181: 2025.11.19 | C181: 2025.11.14 | D181: 기타증빙 | E181: 직접비 | F181: 연구활동비 | G181: 연구활동비 기타비용 | H181: 63360 | I181: 63360 | J181: 0 | K181: 0 | L181: 63360 | M181: 0 | N181: 0 | O181: 0 | P181: 0 | Q181: 0 | R181: 0 | S181: 0 | T181: 0 | U181: 0 | V181: 0 | W181: 0 | X181: 정상 | Y181: 0 | Z181: 0 | AA181: 0 | AB181: 0 | AG181: 공제금액(기타)(소득세외 1건)뉴로모픽 반도체 기술을 체계 | AI181: 공제금액(기타)(소득세외 1건)뉴로모픽 반도체 기술을 체계 | AJ181: N | AK181: N | AU181: 집행(이체) 완료 | AV181: N | AW181: 미등록 | AX181: 정상 | BA181: 미확정 | BF181: 현금 | BG181: 증빙우선 | BH181: 건별지급
A182: 2025.11.19 | B182: 2025.11.19 | C182: 2025.11.14 | D182: 기타증빙 | E182: 직접비 | F182: 연구활동비 | G182: 연구활동비 기타비용 | H182: 656640 | I182: 656640 | J182: 0 | K182: 0 | L182: 656640 | M182: 0 | N182: 0 | O182: 0 | P182: 0 | Q182: 0 | R182: 0 | S182: 0 | T182: 0 | U182: 0 | V182: 0 | W182: 0 | X182: 정상 | Y182: 0 | Z182: 0 | AA182: 0 | AB182: 0 | AG182: 실수령금액(기타)(실수령액)뉴로모픽 반도체 기술을 체계적 | AI182: 실수령금액(기타)(실수령액)뉴로모픽 반도체 기술을 체계적 | AJ182: N | AK182: N | AU182: 집행(이체) 완료 | AV182: N | AW182: 미등록 | AX182: 정상 | BA182: 미확정 | BF182: 현금 | BG182: 증빙우선 | BH182: 건별지급
A183: 2025.11.12 | B183: 2025.12.09 | C183: 2025.12.08 | D183: 카드결제 | E183: 직접비 | F183: 연구활동비 | G183: 연구실운영비 | H183: 96000 | I183: 96000 | J183: 0 | K183: 0 | L183: 87273 | M183: 0 | N183: 0 | O183: 8727 | P183: 0 | Q183: 0 | R183: 0 | S183: 0 | T183: 0 | U183: 0 | V183: 0 | W183: 0 | X183: 정상 | Y183: 0 | Z183: 0 | AA183: 0 | AB183: 0 | AG183: [구매지출신청]물품 구매(소독티슈) 비용 청구 등 총 1건 | AI183: [구매지출신청]물품 구매(소독티슈) 비용 청구 등 총 1건 | AJ183: 네이버파이낸셜（주） | AK183: N | AM183: 5525-7642-1944-6438 | AN183: 16390688 | AO183: 2025.11.12 | AP183: 2025.11.13 | AQ183: 2025.12.15 | AR183: 96000 | AS183: 0 | AT183: 0 | AU183: 집행(이체) 완료 | AV183: N | AW183: 미등록 | AX183: 미확정 | BA183: 미확정 | BF183: 현금 | BG183: 증빙우선 | BH183: 건별지급
A184: 2025.11.12 | B184: 2025.12.09 | C184: 2025.12.08 | D184: 카드결제 | E184: 직접비 | F184: 연구활동비 | G184: 연구활동비 기타비용 | H184: 66000 | I184: 66000 | J184: 0 | K184: 0 | L184: 60000 | M184: 0 | N184: 0 | O184: 6000 | P184: 0 | Q184: 0 | R184: 0 | S184: 0 | T184: 0 | U184: 0 | V184: 0 | W184: 0 | X184: 정상 | Y184: 0 | Z184: 0 | AA184: 0 | AB184: 0 | AG184: [일반지급신청] 차세대지능형반도체전공 2025년 장학생 간담 | AI184: [일반지급신청] 차세대지능형반도체전공 2025년 장학생 간담 | AJ184: 열매기획 | AK184: N | AM184: 5525-7642-1944-6438 | AN184: 17884430 | AO184: 2025.11.12 | AP184: 2025.11.13 | AQ184: 2025.12.15 | AR184: 66000 | AS184: 0 | AT184: 0 | AU184: 집행(이체) 완료 | AV184: N | AW184: 미등록 | AX184: 정상 | BA184: 미확정 | BF184: 현금 | BG184: 증빙우선 | BH184: 건별지급
...

Sheet RCMS.260112
A1: 사용일자 | B1: 이체일자 | C1: 등록일자 | D1: 증빙구분 | E1: 비목 | F1: 항목 | G1: 세부항목 | H1: 사용금액 | I1: 사용금액 | J1: 사용금액 | K1: 사용금액 | L1: 이체공급금액 | M1: 이체공급금액 | N1: 이체공급금액 | O1: 이체부가세액 | P1: 이체부가세액 | Q1: 이체부가세액 | R1: 복원공급금액 | S1: 복원공급금액 | T1: 복원공급금액 | U1: 복원부가세액 | V1: 복원부가세액 | W1: 복원부가세액 | X1: 증빙파일 | Y1: 예방도우미 | Z1: 예방도우미 | AA1: 예방도우미 | AB1: 예방도우미 | AC1: 자계좌 이체증빙 | AD1: 연구장비 | AE1: 부가정보 | AF1: 인건비 | AG1: 품목 | AH1: 수입신고필증번호 | AI1: 지급용도 | AJ1: 거래처명 | AK1: 휴폐업 거래처여부 | AL1: 휴폐업 거래처사유 | AM1: 카드 | AN1: 카드 | AO1: 카드 | AP1: 카드 | AQ1: 카드 | AR1: 카드 | AS1: 카드 | AU1: 이체상태 | AV1: 부가세 복원여부 | AW1: 점검메모 | AX1: 상시점검 | AY1: 상시점검 | AZ1: 상시점검 | BA1: 정산 | BB1: 정산 | BC1: 정산 | BD1: 정산 | BE1: 정산 | BF1: 연구개발비 구분 | BG1: 등록구분 | BH1: 지급구분 | BI1: 거래명세서 행정정보
A2: 사용일자 | B2: 이체일자 | C2: 등록일자 | D2: 증빙구분 | E2: 비목 | F2: 항목 | G2: 세부항목 | H2: 사용금액 | I2: 본예산 | J2: 계속비 | K2: 이월금 | L2: 본예산 | M2: 계속비 | N2: 이월금 | O2: 본예산 | P2: 계속비 | Q2: 이월금 | R2: 본예산 | S2: 계속비 | T2: 이월금 | U2: 본예산 | V2: 계속비 | W2: 이월금 | X2: 증빙파일 | Y2: 탐지건수 | Z2: 미확인건수 | AA2: 확인건수 | AB2: 제외건수 | AC2: 자계좌 이체증빙 | AD2: 연구장비 | AE2: 부가정보 | AF2: 인건비 | AG2: 품목 | AH2: 수입신고필증번호 | AI2: 지급용도 | AJ2: 거래처명 | AK2: 휴폐업 거래처여부 | AL2: 휴폐업 거래처사유 | AM2: 카드번호 | AN2: 승인번호 | AO2: 승인일자 | AP2: 매입일자 | AQ2: 결제일자 | AR2: 매입금액 | AS2: 취소건수 | AT2: 취소금액 | AU2: 이체상태 | AV2: 부가세 복원여부 | AW2: 점검메모 | AX2: 점검상태 | AY2: 점검사유 | AZ2: 점검의견 | BA2: 인정상태 | BB2: 보완요청내용 | BC2: 불인정사유구분 | BD2: 불인정사유내용 | BE2: 불인정금액 | BF2: 연구개발비 구분 | BG2: 등록구분 | BH2: 지급구분 | BI2: 거래명세서 행정정보
A3: 2025.12.26 | B3: 2025.12.26 | C3: 2025.12.24 | D3: 기타증빙 | E3: 직접비 | F3: 연구활동비 | G3: 외부 전문기술 활용비 | H3: 2462400 | I3: 2462400 | J3: 0 | K3: 0 | L3: 2462400 | M3: 0 | N3: 0 | O3: 0 | P3: 0 | Q3: 0 | R3: 0 | S3: 0 | T3: 0 | U3: 0 | V3: 0 | W3: 0 | X3: 정상 | Y3: 1 | Z3: 1 | AA3: 0 | AB3: 0 | AE3: 미등록 | AG3: 실수령금액(기타)(실수령액)글로벌장학금-인턴장학금 지급 | AI3: 실수령금액(기타)(실수령액)글로벌장학금-인턴장학금 지급 | AJ3: N | AK3: N | AU3: 집행(이체) 완료 | AV3: N | AW3: 미등록 | AX3: 미확정 | BA3: 미확정 | BF3: 현금 | BG3: 증빙우선 | BH3: 건별지급
A4: 2025.12.26 | B4: 2025.12.26 | C4: 2025.12.24 | D4: 기타증빙 | E4: 직접비 | F4: 연구활동비 | G4: 외부 전문기술 활용비 | H4: 88000 | I4: 88000 | J4: 0 | K4: 0 | L4: 88000 | M4: 0 | N4: 0 | O4: 0 | P4: 0 | Q4: 0 | R4: 0 | S4: 0 | T4: 0 | U4: 0 | V4: 0 | W4: 0 | X4: 정상 | Y4: 0 | Z4: 0 | AA4: 0 | AB4: 0 | AE4: 미등록 | AG4: 공제금액(기타)(소득세외 1건)논문장학금 지급신청: 박정우 1 | AI4: 공제금액(기타)(소득세외 1건)논문장학금 지급신청: 박정우 1 | AJ4: N | AK4: N | AU4: 집행(이체) 완료 | AV4: N | AW4: 미등록 | AX4: 미확정 | BA4: 미확정 | BF4: 현금 | BG4: 증빙우선 | BH4: 건별지급
A5: 2025.12.26 | B5: 2025.12.26 | C5: 2025.12.24 | D5: 기타증빙 | E5: 직접비 | F5: 연구활동비 | G5: 외부 전문기술 활용비 | H5: 912000 | I5: 912000 | J5: 0 | K5: 0 | L5: 912000 | M5: 0 | N5: 0 | O5: 0 | P5: 0 | Q5: 0 | R5: 0 | S5: 0 | T5: 0 | U5: 0 | V5: 0 | W5: 0 | X5: 정상 | Y5: 1 | Z5: 1 | AA5: 0 | AB5: 0 | AE5: 미등록 | AG5: 실수령금액(기타)(실수령액)논문장학금 지급신청: 박정우 1,0 | AI5: 실수령금액(기타)(실수령액)논문장학금 지급신청: 박정우 1,0 | AJ5: N | AK5: N | AU5: 집행(이체) 완료 | AV5: N | AW5: 미등록 | AX5: 미확정 | BA5: 미확정 | BF5: 현금 | BG5: 증빙우선 | BH5: 건별지급
A6: 2025.12.26 | B6: 2025.12.26 | C6: 2025.12.24 | D6: 기타증빙 | E6: 직접비 | F6: 연구활동비 | G6: 외부 전문기술 활용비 | H6: 237600 | I6: 237600 | J6: 0 | K6: 0 | L6: 237600 | M6: 0 | N6: 0 | O6: 0 | P6: 0 | Q6: 0 | R6: 0 | S6: 0 | T6: 0 | U6: 0 | V6: 0 | W6: 0 | X6: 정상 | Y6: 1 | Z6: 1 | AA6: 0 | AB6: 0 | AE6: 미등록 | AG6: 공제금액(기타)(소득세외 1건)글로벌장학금-인턴장학금 지급 | AI6: 공제금액(기타)(소득세외 1건)글로벌장학금-인턴장학금 지급 | AJ6: N | AK6: N | AU6: 집행(이체) 완료 | AV6: N | AW6: 미등록 | AX6: 미확정 | BA6: 미확정 | BF6: 현금 | BG6: 증빙우선 | BH6: 건별지급
A7: 2025.12.23 | B7: 2026.01.09 | C7: 2026.01.09 | D7: 카드결제 | E7: 직접비 | F7: 연구활동비 | G7: 연구활동비 기타비용 | H7: 33000 | I7: 33000 | J7: 0 | K7: 0 | L7: 30000 | M7: 0 | N7: 0 | O7: 3000 | P7: 0 | Q7: 0 | R7: 0 | S7: 0 | T7: 0 | U7: 0 | V7: 0 | W7: 0 | X7: 정상 | Y7: 0 | Z7: 0 | AA7: 0 | AB7: 0 | AG7: [구매지출신청] 4차년도 사업계획서_33,000원 | AI7: [구매지출신청] 4차년도 사업계획서_33,000원 | AJ7: 시스템프로 | AK7: N | AM7: 5525-7642-1944-6438 | AN7: 13007851 | AO7: 2025.12.23 | AP7: 2025.12.24 | AQ7: 2026.01.15 | AR7: 33000 | AS7: 0 | AT7: 0 | AU7: 집행(이체) 완료 | AV7: N | AW7: 미등록 | AX7: 미확정 | BA7: 미확정 | BF7: 현금 | BG7: 증빙우선 | BH7: 건별지급
A8: 2025.12.24 | B8: 2025.12.24 | C8: 2025.12.22 | D8: 기타증빙 | E8: 직접비 | F8: 연구활동비 | G8: 연구활동비 기타비용 | H8: 600000 | I8: 600000 | J8: 0 | K8: 0 | L8: 600000 | M8: 0 | N8: 0 | O8: 0 | P8: 0 | Q8: 0 | R8: 0 | S8: 0 | T8: 0 | U8: 0 | V8: 0 | W8: 0 | X8: 정상 | Y8: 1 | Z8: 1 | AA8: 0 | AB8: 0 | AG8: [일반지급신청] STOB 리그 팀활동지원비- 서울대학교 에피학 | AI8: [일반지급신청] STOB 리그 팀활동지원비- 서울대학교 에피학 | AJ8: N | AK8: N | AU8: 집행(이체) 완료 | AV8: N | AW8: 미등록 | AX8: 미확정 | BA8: 미확정 | BF8: 현금 | BG8: 증빙우선 | BH8: 건별지급
A9: 2025.12.24 | B9: 2025.12.24 | C9: 2025.12.22 | D9: 기타증빙 | E9: 직접비 | F9: 연구활동비 | G9: 연구활동비 기타비용 | H9: 600000 | I9: 600000 | J9: 0 | K9: 0 | L9: 600000 | M9: 0 | N9: 0 | O9: 0 | P9: 0 | Q9: 0 | R9: 0 | S9: 0 | T9: 0 | U9: 0 | V9: 0 | W9: 0 | X9: 정상 | Y9: 1 | Z9: 1 | AA9: 0 | AB9: 0 | AG9: [일반지급신청] STOB 리그 팀활동지원비- 서울대학교 에피학 | AI9: [일반지급신청] STOB 리그 팀활동지원비- 서울대학교 에피학 | AJ9: N | AK9: N | AU9: 집행(이체) 완료 | AV9: N | AW9: 미등록 | AX9: 미확정 | BA9: 미확정 | BF9: 현금 | BG9: 증빙우선 | BH9: 건별지급
A10: 2025.12.24 | B10: 2025.12.24 | C10: 2025.12.22 | D10: 기타증빙 | E10: 직접비 | F10: 연구활동비 | G10: 연구활동비 기타비용 | H10: 600000 | I10: 600000 | J10: 0 | K10: 0 | L10: 600000 | M10: 0 | N10: 0 | O10: 0 | P10: 0 | Q10: 0 | R10: 0 | S10: 0 | T10: 0 | U10: 0 | V10: 0 | W10: 0 | X10: 정상 | Y10: 1 | Z10: 1 | AA10: 0 | AB10: 0 | AG10: [일반지급신청] STOB 리그 팀활동지원비- 서울대학교 에피학 | AI10: [일반지급신청] STOB 리그 팀활동지원비- 서울대학교 에피학 | AJ10: N | AK10: N | AU10: 집행(이체) 완료 | AV10: N | AW10: 미등록 | AX10: 미확정 | BA10: 미확정 | BF10: 현금 | BG10: 증빙우선 | BH10: 건별지급
A11: 2025.12.24 | B11: 2025.12.24 | C11: 2025.12.22 | D11: 기타증빙 | E11: 직접비 | F11: 연구활동비 | G11: 연구활동비 기타비용 | H11: 600000 | I11: 600000 | J11: 0 | K11: 0 | L11: 600000 | M11: 0 | N11: 0 | O11: 0 | P11: 0 | Q11: 0 | R11: 0 | S11: 0 | T11: 0 | U11: 0 | V11: 0 | W11: 0 | X11: 정상 | Y11: 1 | Z11: 1 | AA11: 0 | AB11: 0 | AG11: [일반지급신청] STOB 리그 팀활동지원비- 서울대학교 에피학 | AI11: [일반지급신청] STOB 리그 팀활동지원비- 서울대학교 에피학 | AJ11: N | AK11: N | AU11: 집행(이체) 완료 | AV11: N | AW11: 미등록 | AX11: 미확정 | BA11: 미확정 | BF11: 현금 | BG11: 증빙우선 | BH11: 건별지급
A12: 2025.12.24 | B12: 2025.12.24 | C12: 2025.12.22 | D12: 기타증빙 | E12: 직접비 | F12: 연구활동비 | G12: 연구활동비 기타비용 | H12: 600000 | I12: 600000 | J12: 0 | K12: 0 | L12: 600000 | M12: 0 | N12: 0 | O12: 0 | P12: 0 | Q12: 0 | R12: 0 | S12: 0 | T12: 0 | U12: 0 | V12: 0 | W12: 0 | X12: 정상 | Y12: 1 | Z12: 1 | AA12: 0 | AB12: 0 | AG12: [일반지급신청] STOB 리그 팀활동지원비- 서울대학교 에피학 | AI12: [일반지급신청] STOB 리그 팀활동지원비- 서울대학교 에피학 | AJ12: N | AK12: N | AU12: 집행(이체) 완료 | AV12: N | AW12: 미등록 | AX12: 미확정 | BA12: 미확정 | BF12: 현금 | BG12: 증빙우선 | BH12: 건별지급
A13: 2025.12.24 | B13: 2025.12.24 | C13: 2025.12.22 | D13: 기타증빙 | E13: 직접비 | F13: 인건비 | G13: 참여연구원 인건비 | H13: 425360 | I13: 425360 | J13: 0 | K13: 0 | L13: 425360 | M13: 0 | N13: 0 | O13: 0 | P13: 0 | Q13: 0 | R13: 0 | S13: 0 | T13: 0 | U13: 0 | V13: 0 | W13: 0 | X13: 정상 | Y13: 1 | Z13: 1 | AA13: 0 | AB13: 0 | AG13: 기관부담금액(건강보험(기관)외 4건)[202512]한호철 등 4명 인 | AI13: 기관부담금액(건강보험(기관)외 4건)[202512]한호철 등 4명 인 | AJ13: N | AK13: N | AU13: 집행(이체) 완료 | AV13: N | AW13: 미등록 | AX13: 미확정 | BA13: 미확정 | BF13: 현금 | BG13: 증빙우선 | BH13: 건별지급
A14: 2025.12.24 | B14: 2025.12.24 | C14: 2025.12.22 | D14: 기타증빙 | E14: 직접비 | F14: 인건비 | G14: 참여연구원 인건비 | H14: 200870 | I14: 200870 | J14: 0 | K14: 0 | L14: 200870 | M14: 0 | N14: 0 | O14: 0 | P14: 0 | Q14: 0 | R14: 0 | S14: 0 | T14: 0 | U14: 0 | V14: 0 | W14: 0 | X14: 정상 | Y14: 1 | Z14: 1 | AA14: 0 | AB14: 0 | AG14: 공제금액(근로)(소득세외 1건)[202512]한호철 등 4명 인건비지 | AI14: 공제금액(근로)(소득세외 1건)[202512]한호철 등 4명 인건비지 | AJ14: N | AK14: N | AU14: 집행(이체) 완료 | AV14: N | AW14: 미등록 | AX14: 미확정 | BA14: 미확정 | BF14: 현금 | BG14: 증빙우선 | BH14: 건별지급
A15: 2025.12.24 | B15: 2025.12.24 | C15: 2025.12.22 | D15: 기타증빙 | E15: 직접비 | F15: 인건비 | G15: 참여연구원 인건비 | H15: 243050 | I15: 243050 | J15: 0 | K15: 0 | L15: 243050 | M15: 0 | N15: 0 | O15: 0 | P15: 0 | Q15: 0 | R15: 0 | S15: 0 | T15: 0 | U15: 0 | V15: 0 | W15: 0 | X15: 정상 | Y15: 1 | Z15: 1 | AA15: 0 | AB15: 0 | AG15: 퇴직적립금액(퇴직적립금)[202512]한호철 등 4명 인건비지급내 | AI15: 퇴직적립금액(퇴직적립금)[202512]한호철 등 4명 인건비지급내 | AJ15: N | AK15: N | AU15: 집행(이체) 완료 | AV15: N | AW15: 미등록 | AX15: 미확정 | BA15: 미확정 | BF15: 현금 | BG15: 증빙우선 | BH15: 건별지급
A16: 2025.12.24 | B16: 2025.12.24 | C16: 2025.12.22 | D16: 기타증빙 | E16: 직접비 | F16: 인건비 | G16: 참여연구원 인건비 | H16: 326417 | I16: 326417 | J16: 0 | K16: 0 | L16: 326417 | M16: 0 | N16: 0 | O16: 0 | P16: 0 | Q16: 0 | R16: 0 | S16: 0 | T16: 0 | U16: 0 | V16: 0 | W16: 0 | X16: 정상 | Y16: 1 | Z16: 1 | AA16: 0 | AB16: 0 | AG16: 퇴직적립금액(퇴직적립금)[202512]한호철 등 4명 인건비지급내 | AI16: 퇴직적립금액(퇴직적립금)[202512]한호철 등 4명 인건비지급내 | AJ16: N | AK16: N | AU16: 집행(이체) 완료 | AV16: N | AW16: 미등록 | AX16: 미확정 | BA16: 미확정 | BF16: 현금 | BG16: 증빙우선 | BH16: 건별지급
A17: 2025.12.24 | B17: 2025.12.24 | C17: 2025.12.22 | D17: 기타증빙 | E17: 직접비 | F17: 인건비 | G17: 참여연구원 인건비 | H17: 368340 | I17: 368340 | J17: 0 | K17: 0 | L17: 368340 | M17: 0 | N17: 0 | O17: 0 | P17: 0 | Q17: 0 | R17: 0 | S17: 0 | T17: 0 | U17: 0 | V17: 0 | W17: 0 | X17: 정상 | Y17: 1 | Z17: 1 | AA17: 0 | AB17: 0 | AG17: 공제금액(근로)(건강보험외 3건)[202512]한호철 등 4명 인건비 | AI17: 공제금액(근로)(건강보험외 3건)[202512]한호철 등 4명 인건비 | AJ17: N | AK17: N | AU17: 집행(이체) 완료 | AV17: N | AW17: 미등록 | AX17: 미확정 | BA17: 미확정 | BF17: 현금 | BG17: 증빙우선 | BH17: 건별지급
A18: 2025.12.24 | B18: 2025.12.24 | C18: 2025.12.22 | D18: 기타증빙 | E18: 직접비 | F18: 인건비 | G18: 참여연구원 인건비 | H18: 3347790 | I18: 3347790 | J18: 0 | K18: 0 | L18: 3347790 | M18: 0 | N18: 0 | O18: 0 | P18: 0 | Q18: 0 | R18: 0 | S18: 0 | T18: 0 | U18: 0 | V18: 0 | W18: 0 | X18: 정상 | Y18: 1 | Z18: 1 | AA18: 0 | AB18: 0 | AG18: 실수령금액(근로)(실수령액)[202512]한호철 등 4명 인건비지급 | AI18: 실수령금액(근로)(실수령액)[202512]한호철 등 4명 인건비지급 | AJ18: N | AK18: N | AU18: 집행(이체) 완료 | AV18: N | AW18: 미등록 | AX18: 미확정 | BA18: 미확정 | BF18: 현금 | BG18: 증빙우선 | BH18: 건별지급
A19: 2025.12.24 | B19: 2025.12.24 | C19: 2025.12.22 | D19: 기타증빙 | E19: 직접비 | F19: 인건비 | G19: 참여연구원 인건비 | H19: 316700 | I19: 316700 | J19: 0 | K19: 0 | L19: 316700 | M19: 0 | N19: 0 | O19: 0 | P19: 0 | Q19: 0 | R19: 0 | S19: 0 | T19: 0 | U19: 0 | V19: 0 | W19: 0 | X19: 정상 | Y19: 1 | Z19: 1 | AA19: 0 | AB19: 0 | AG19: 기관부담금액(건강보험(기관)외 4건)[202512]한호철 등 4명 인 | AI19: 기관부담금액(건강보험(기관)외 4건)[202512]한호철 등 4명 인 | AJ19: N | AK19: N | AU19: 집행(이체) 완료 | AV19: N | AW19: 미등록 | AX19: 미확정 | BA19: 미확정 | BF19: 현금 | BG19: 증빙우선 | BH19: 건별지급
... A32: 2025.12.24 | B32: 2025.12.24 | C32: 2025.12.22 | D32: 기타증빙 | E32: 직접비 | F32: 인건비 | G32: 참여연구원 인건비 | H32: 3347790 | I32: 3347790 | J32: 0 | K32: 0 | L32: 3347790 | M32: 0 | N32: 0 | O32: 0 | P32: 0 | Q32: 0 | R32: 0 | S32: 0 | T32: 0 | U32: 0 | V32: 0 | W32: 0 | X32: 정상 | Y32: 1 | Z32: 1 | AA32: 0 | AB32: 0 | AG32: 실수령금액(근로)(실수령액)[202512]한호철 등 4명 인건비지급 | AI32: 실수령금액(근로)(실수령액)[202512]한호철 등 4명 인건비지급 | AJ32: N | AK32: N | AU32: 집행(이체) 완료 | AV32: N | AW32: 미등록 | AX32: 미확정 | BA32: 미확정 | BF32: 현금 | BG32: 증빙우선 | BH32: 건별지급
A33: 2025.12.18 | B33: 2025.12.26 | C33: 2025.12.26 | D33: 카드결제 | E33: 직접비 | F33: 연구활동비 | G33: 연구활동비 기타비용 | H33: 3080000 | I33: 3080000 | J33: 0 | K33: 0 | L33: 2800000 | M33: 0 | N33: 0 | O33: 280000 | P33: 0 | Q33: 0 | R33: 0 | S33: 0 | T33: 0 | U33: 0 | V33: 0 | W33: 0 | X33: 정상 | Y33: 1 | Z33: 1 | AA33: 0 | AB33: 0 | AG33: [구매지출신청] 뉴로모틱 반도체 기술 교재 출력비 등 총 2 | AI33: [구매지출신청] 뉴로모틱 반도체 기술 교재 출력비 등 총 2 | AJ33: 시스템프로 | AK33: N | AM33: 5525-7642-1699-1980 | AN33: 49297402 | AO33: 2025.12.18 | AP33: 2025.12.19 | AQ33: 2026.01.15 | AR33: 3080000 | AS33: 0 | AT33: 0 | AU33: 집행(이체) 완료 | AV33: N | AW33: 미등록 | AX33: 미확정 | BA33: 미확정 | BF33: 현금 | BG33: 증빙우선 | BH33: 건별지급
A34: 2025.12.18 | B34: 2025.12.26 | C34: 2025.12.24 | D34: 카드결제 | E34: 직접비 | F34: 연구활동비 | G34: 연구실운영비 | H34: 465000 | I34: 465000 | J34: 0 | K34: 0 | L34: 422728 | M34: 0 | N34: 0 | O34: 42272 | P34: 0 | Q34: 0 | R34: 0 | S34: 0 | T34: 0 | U34: 0 | V34: 0 | W34: 0 | X34: 정상 | Y34: 1 | Z34: 1 | AA34: 0 | AB34: 0 | AG34: [구매지출신청] 캐논 CRG 054 H 세트 토너 MF645Cx MF643Cdw LBP62 | AI34: [구매지출신청] 캐논 CRG 054 H 세트 토너 MF645Cx MF643Cdw LBP62 | AJ34: 네이버파이낸셜（주） | AK34: N | AM34: 5525-7642-1944-6438 | AN34: 46656372 | AO34: 2025.12.18 | AP34: 2025.12.19 | AQ34: 2026.01.15 | AR34: 465000 | AS34: 0 | AT34: 0 | AU34: 집행(이체) 완료 | AV34: N | AW34: 미등록 | AX34: 미확정 | BA34: 미확정 | BF34: 현금 | BG34: 증빙우선 | BH34: 건별지급
A35: 2025.12.18 | B35: 2025.12.18 | C35: 2025.12.17 | D35: 기타증빙 | E35: 직접비 | F35: 연구시설·장비비 | G35: 연구시설ㆍ장비 구입ㆍ설치비 | H35: 30000 | I35: 30000 | J35: 0 | K35: 0 | L35: 30000 | M35: 0 | N35: 0 | O35: 0 | P35: 0 | Q35: 0 | R35: 0 | S35: 0 | T35: 0 | U35: 0 | V35: 0 | W35: 0 | X35: 정상 | Y35: 0 | Z35: 0 | AA35: 0 | AB35: 0 | AD35: 예외등록 | AG35: [구매지출신청] 진공증착기 구입시 나라장터 이용수수료 등 | AI35: [구매지출신청] 진공증착기 구입시 나라장터 이용수수료 등 | AJ35: N | AK35: N | AU35: 집행(이체) 완료 | AV35: N | AW35: 미등록 | AX35: 미확정 | BA35: 미확정 | BF35: 현금 | BG35: 증빙우선 | BH35: 건별지급
A36: 2025.12.16 | B36: 2026.01.09 | C36: 2026.01.09 | D36: 카드결제 | E36: 직접비 | F36: 연구활동비 | G36: 연구활동비 기타비용 | H36: 154660 | I36: 154660 | J36: 0 | K36: 0 | L36: 140600 | M36: 0 | N36: 0 | O36: 14060 | P36: 0 | Q36: 0 | R36: 0 | S36: 0 | T36: 0 | U36: 0 | V36: 0 | W36: 0 | X36: 정상 | Y36: 1 | Z36: 1 | AA36: 0 | AB36: 0 | AG36: [구매지출신청] 3차년도 사업계획서, 활동보고서 출력_154,660 | AI36: [구매지출신청] 3차년도 사업계획서, 활동보고서 출력_154,660 | AJ36: 시스템프로 | AK36: N | AM36: 5525-7642-1944-6438 | AN36: 23921506 | AO36: 2025.12.16 | AP36: 2025.12.17 | AQ36: 2026.01.15 | AR36: 154660 | AS36: 0 | AT36: 0 | AU36: 집행(이체) 완료 | AV36: N | AW36: 미등록 | AX36: 미확정 | BA36: 미확정 | BF36: 현금 | BG36: 증빙우선 | BH36: 건별지급
A37: 2025.12.24 | B37: 2025.12.26 | C37: 2025.12.24 | D37: 전자(세금)계산서 | E37: 직접비 | F37: 연구재료비 | G37: 연구재료 구입비 | H37: 5500000 | I37: 5500000 | J37: 0 | K37: 0 | L37: 5000000 | M37: 0 | N37: 0 | O37: 500000 | P37: 0 | Q37: 0 | R37: 0 | S37: 0 | T37: 0 | U37: 0 | V37: 0 | W37: 0 | X37: 정상 | Y37: 1 | Z37: 1 | AA37: 0 | AB37: 0 | AG37: [구매지출신청] Quartz chrome mask 등 총 1건 | AI37: [구매지출신청] Quartz chrome mask 등 총 1건 | AJ37: (주)마이크로이미지 | AK37: N | AU37: 집행(이체) 완료 | AV37: N | AW37: 미등록 | AX37: 미확정 | BA37: 미확정 | BF37: 현금 | BG37: 증빙우선 | BH37: 건별지급
A38: 2025.12.05 | B38: 2025.12.26 | C38: 2025.12.24 | D38: 카드결제 | E38: 직접비 | F38: 연구활동비 | G38: 연구실운영비 | H38: 73100 | I38: 73100 | J38: 0 | K38: 0 | L38: 66455 | M38: 0 | N38: 0 | O38: 6645 | P38: 0 | Q38: 0 | R38: 0 | S38: 0 | T38: 0 | U38: 0 | V38: 0 | W38: 0 | X38: 정상 | Y38: 0 | Z38: 0 | AA38: 0 | AB38: 0 | AG38: [구매지출신청] 에너자이저 맥스 건전지(AA18/18개입/LR06/알카 | AI38: [구매지출신청] 에너자이저 맥스 건전지(AA18/18개입/LR06/알카 | AJ38: （주）오피스디포코리아 | AK38: N | AM38: 5525-7642-1944-6438 | AN38: 26115468 | AO38: 2025.12.05 | AP38: 2025.12.06 | AQ38: 2026.01.15 | AR38: 73100 | AS38: 0 | AT38: 0 | AU38: 집행(이체) 완료 | AV38: N | AW38: 미등록 | AX38: 미확정 | BA38: 미확정 | BF38: 현금 | BG38: 증빙우선 | BH38: 건별지급
A39: 2025.12.08 | B39: 2025.12.08 | C39: 2025.12.08 | D39: 기타증빙 | E39: 직접비 | F39: 연구활동비 | G39: 연구활동비 기타비용 | H39: 60000 | I39: 60000 | J39: 0 | K39: 0 | L39: 60000 | M39: 0 | N39: 0 | O39: 0 | P39: 0 | Q39: 0 | R39: 0 | S39: 0 | T39: 0 | U39: 0 | V39: 0 | W39: 0 | X39: 정상 | Y39: 0 | Z39: 0 | AA39: 0 | AB39: 0 | AG39: [일반지급신청] [반도체특성화대학] ICCE-Asia 2025 학회 등록 25 | AI39: [일반지급신청] [반도체특성화대학] ICCE-Asia 2025 학회 등록 25 | AJ39: N | AK39: N | AU39: 집행(이체) 완료 | AV39: N | AW39: 미등록 | AX39: 미확정 | BA39: 미확정 | BF39: 현금 | BG39: 증빙우선 | BH39: 건별지급
A40: 2025.12.08 | B40: 2025.12.08 | C40: 2025.12.08 | D40: 기타증빙 | E40: 직접비 | F40: 연구활동비 | G40: 연구활동비 기타비용 | H40: 60000 | I40: 60000 | J40: 0 | K40: 0 | L40: 60000 | M40: 0 | N40: 0 | O40: 0 | P40: 0 | Q40: 0 | R40: 0 | S40: 0 | T40: 0 | U40: 0 | V40: 0 | W40: 0 | X40: 정상 | Y40: 0 | Z40: 0 | AA40: 0 | AB40: 0 | AG40: [일반지급신청] [반도체특성화대학] ICCE-Asia 2025 학회 등록 25 | AI40: [일반지급신청] [반도체특성화대학] ICCE-Asia 2025 학회 등록 25 | AJ40: N | AK40: N | AU40: 집행(이체) 완료 | AV40: N | AW40: 미등록 | AX40: 미확정 | BA40: 미확정 | BF40: 현금 | BG40: 증빙우선 | BH40: 건별지급
A41: 2025.12.08 | B41: 2025.12.08 | C41: 2025.12.08 | D41: 기타증빙 | E41: 직접비 | F41: 연구활동비 | G41: 연구활동비 기타비용 | H41: 60000 | I41: 60000 | J41: 0 | K41: 0 | L41: 60000 | M41: 0 | N41: 0 | O41: 0 | P41: 0 | Q41: 0 | R41: 0 | S41: 0 | T41: 0 | U41: 0 | V41: 0 | W41: 0 | X41: 정상 | Y41: 0 | Z41: 0 | AA41: 0 | AB41: 0 | AG41: [일반지급신청] [반도체특성화대학] ICCE-Asia 2025 학회 등록 25 | AI41: [일반지급신청] [반도체특성화대학] ICCE-Asia 2025 학회 등록 25 | AJ41: N | AK41: N | AU41: 집행(이체) 완료 | AV41: N | AW41: 미등록 | AX41: 미확정 | BA41: 미확정 | BF41: 현금 | BG41: 증빙우선 | BH41: 건별지급
A42: 2025.12.08 | B42: 2025.12.08 | C42: 2025.12.08 | D42: 기타증빙 | E42: 직접비 | F42: 연구활동비 | G42: 연구활동비 기타비용 | H42: 60000 | I42: 60000 | J42: 0 | K42: 0 | L42: 60000 | M42: 0 | N42: 0 | O42: 0 | P42: 0 | Q42: 0 | R42: 0 | S42: 0 | T42: 0 | U42: 0 | V42: 0 | W42: 0 | X42: 정상 | Y42: 0 | Z42: 0 | AA42: 0 | AB42: 0 | AG42: [일반지급신청] [반도체특성화대학] ICCE-Asia 2025 학회 등록 25 | AI42: [일반지급신청] [반도체특성화대학] ICCE-Asia 2025 학회 등록 25 | AJ42: N | AK42: N | AU42: 집행(이체) 완료 | AV42: N | AW42: 미등록 | AX42: 미확정 | BA42: 미확정 | BF42: 현금 | BG42: 증빙우선 | BH42: 건별지급
A43: 2025.12.08 | B43: 2025.12.08 | C43: 2025.12.08 | D43: 기타증빙 | E43: 직접비 | F43: 연구활동비 | G43: 연구활동비 기타비용 | H43: 150000 | I43: 150000 | J43: 0 | K43: 0 | L43: 150000 | M43: 0 | N43: 0 | O43: 0 | P43: 0 | Q43: 0 | R43: 0 | S43: 0 | T43: 0 | U43: 0 | V43: 0 | W43: 0 | X43: 정상 | Y43: 1 | Z43: 1 | AA43: 0 | AB43: 0 | AG43: [일반지급신청] [반도체특성화대학] ICCE-Asia 2025 학회 등록 25 | AI43: [일반지급신청] [반도체특성화대학] ICCE-Asia 2025 학회 등록 25 | AJ43: N | AK43: N | AU43: 집행(이체) 완료 | AV43: N | AW43: 미등록 | AX43: 미확정 | BA43: 미확정 | BF43: 현금 | BG43: 증빙우선 | BH43: 건별지급
A44: 2025.12.08 | B44: 2025.12.08 | C44: 2025.12.08 | D44: 기타증빙 | E44: 직접비 | F44: 연구활동비 | G44: 연구활동비 기타비용 | H44: 60000 | I44: 60000 | J44: 0 | K44: 0 | L44: 60000 | M44: 0 | N44: 0 | O44: 0 | P44: 0 | Q44: 0 | R44: 0 | S44: 0 | T44: 0 | U44: 0 | V44: 0 | W44: 0 | X44: 정상 | Y44: 0 | Z44: 0 | AA44: 0 | AB44: 0 | AG44: [일반지급신청] [반도체특성화대학] ICCE-Asia 2025 학회 등록 25 | AI44: [일반지급신청] [반도체특성화대학] ICCE-Asia 2025 학회 등록 25 | AJ44: N | AK44: N | AU44: 집행(이체) 완료 | AV44: N | AW44: 미등록 | AX44: 미확정 | BA44: 미확정 | BF44: 현금 | BG44: 증빙우선 | BH44: 건별지급
A45: 2025.12.08 | B45: 2025.12.08 | C45: 2025.12.08 | D45: 기타증빙 | E45: 직접비 | F45: 연구활동비 | G45: 연구활동비 기타비용 | H45: 60000 | I45: 60000 | J45: 0 | K45: 0 | L45: 60000 | M45: 0 | N45: 0 | O45: 0 | P45: 0 | Q45: 0 | R45: 0 | S45: 0 | T45: 0 | U45: 0 | V45: 0 | W45: 0 | X45: 정상 | Y45: 0 | Z45: 0 | AA45: 0 | AB45: 0 | AG45: [일반지급신청] [반도체특성화대학] ICCE-Asia 2025 학회 등록 25 | AI45: [일반지급신청] [반도체특성화대학] ICCE-Asia 2025 학회 등록 25 | AJ45: N | AK45: N | AU45: 집행(이체) 완료 | AV45: N | AW45: 미등록 | AX45: 미확정 | BA45: 미확정 | BF45: 현금 | BG45: 증빙우선 | BH45: 건별지급
A46: 2025.12.08 | B46: 2025.12.08 | C46: 2025.12.08 | D46: 기타증빙 | E46: 직접비 | F46: 연구활동비 | G46: 연구활동비 기타비용 | H46: 60000 | I46: 60000 | J46: 0 | K46: 0 | L46: 60000 | M46: 0 | N46: 0 | O46: 0 | P46: 0 | Q46: 0 | R46: 0 | S46: 0 | T46: 0 | U46: 0 | V46: 0 | W46: 0 | X46: 정상 | Y46: 0 | Z46: 0 | AA46: 0 | AB46: 0 | AG46: [일반지급신청] [반도체특성화대학] ICCE-Asia 2025 학회 등록 25 | AI46: [일반지급신청] [반도체특성화대학] ICCE-Asia 2025 학회 등록 25 | AJ46: N | AK46: N | AU46: 집행(이체) 완료 | AV46: N | AW46: 미등록 | AX46: 미확정 | BA46: 미확정 | BF46: 현금 | BG46: 증빙우선 | BH46: 건별지급
A47: 2025.12.08 | B47: 2025.12.08 | C47: 2025.12.08 | D47: 기타증빙 | E47: 직접비 | F47: 연구활동비 | G47: 연구활동비 기타비용 | H47: 60000 | I47: 60000 | J47: 0 | K47: 0 | L47: 60000 | M47: 0 | N47: 0 | O47: 0 | P47: 0 | Q47: 0 | R47: 0 | S47: 0 | T47: 0 | U47: 0 | V47: 0 | W47: 0 | X47: 정상 | Y47: 0 | Z47: 0 | AA47: 0 | AB47: 0 | AG47: [일반지급신청] [반도체특성화대학] ICCE-Asia 2025 학회 등록 25 | AI47: [일반지급신청] [반도체특성화대학] ICCE-Asia 2025 학회 등록 25 | AJ47: N | AK47: N | AU47: 집행(이체) 완료 | AV47: N | AW47: 미등록 | AX47: 미확정 | BA47: 미확정 | BF47: 현금 | BG47: 증빙우선 | BH47: 건별지급
A48: 2025.12.08 | B48: 2025.12.08 | C48: 2025.12.08 | D48: 기타증빙 | E48: 직접비 | F48: 연구활동비 | G48: 연구활동비 기타비용 | H48: 60000 | I48: 60000 | J48: 0 | K48: 0 | L48: 60000 | M48: 0 | N48: 0 | O48: 0 | P48: 0 | Q48: 0 | R48: 0 | S48: 0 | T48: 0 | U48: 0 | V48: 0 | W48: 0 | X48: 정상 | Y48: 0 | Z48: 0 | AA48: 0 | AB48: 0 | AG48: [일반지급신청] [반도체특성화대학] ICCE-Asia 2025 학회 등록 25 | AI48: [일반지급신청] [반도체특성화대학] ICCE-Asia 2025 학회 등록 25 | AJ48: N | AK48: N | AU48: 집행(이체) 완료 | AV48: N | AW48: 미등록 | AX48: 미확정 | BA48: 미확정 | BF48: 현금 | BG48: 증빙우선 | BH48: 건별지급
A49: 2025.12.08 | B49: 2025.12.08 | C49: 2025.12.08 | D49: 기타증빙 | E49: 직접비 | F49: 연구활동비 | G49: 연구활동비 기타비용 | H49: 60000 | I49: 60000 | J49: 0 | K49: 0 | L49: 60000 | M49: 0 | N49: 0 | O49: 0 | P49: 0 | Q49: 0 | R49: 0 | S49: 0 | T49: 0 | U49: 0 | V49: 0 | W49: 0 | X49: 정상 | Y49: 0 | Z49: 0 | AA49: 0 | AB49: 0 | AG49: [일반지급신청] [반도체특성화대학] ICCE-Asia 2025 학회 등록 25 | AI49: [일반지급신청] [반도체특성화대학] ICCE-Asia 2025 학회 등록 25 | AJ49: N | AK49: N | AU49: 집행(이체) 완료 | AV49: N | AW49: 미등록 | AX49: 미확정 | BA49: 미확정 | BF49: 현금 | BG49: 증빙우선 | BH49: 건별지급
A50: 2025.12.08 | B50: 2025.12.08 | C50: 2025.12.08 | D50: 기타증빙 | E50: 직접비 | F50: 연구활동비 | G50: 연구활동비 기타비용 | H50: 60000 | I50: 60000 | J50: 0 | K50: 0 | L50: 60000 | M50: 0 | N50: 0 | O50: 0 | P50: 0 | Q50: 0 | R50: 0 | S50: 0 | T50: 0 | U50: 0 | V50: 0 | W50: 0 | X50: 정상 | Y50: 0 | Z50: 0 | AA50: 0 | AB50: 0 | AG50: [일반지급신청] [반도체특성화대학] ICCE-Asia 2025 학회 등록 25 | AI50: [일반지급신청] [반도체특성화대학] ICCE-Asia 2025 학회 등록 25 | AJ50: N | AK50: N | AU50: 집행(이체) 완료 | AV50: N | AW50: 미등록 | AX50: 미확정 | BA50: 미확정 | BF50: 현금 | BG50: 증빙우선 | BH50: 건별지급
... A68: 2025.12.24 | B68: 2025.12.26 | C68: 2025.12.24 | D68: 전자(세금)계산서 | E68: 직접비 | F68: 연구재료비 | G68: 연구재료 구입비 | H68: 453970 | I68: 453970 | J68: 0 | K68: 0 | L68: 412700 | M68: 0 | N68: 0 | O68: 41270 | P68: 0 | Q68: 0 | R68: 0 | S68: 0 | T68: 0 | U68: 0 | V68: 0 | W68: 0 | X68: 정상 | Y68: 1 | Z68: 1 | AA68: 0 | AB68: 0 | AG68: [구매지출신청] 4inch Single Wafer Tray 외 총 4건 | AI68: [구매지출신청] 4inch Single Wafer Tray 외 총 4건 | AJ68: (주)아이넥서스 | AK68: N | AU68: 집행(이체) 완료 | AV68: N | AW68: 미등록 | AX68: 미확정 | BA68: 미확정 | BF68: 현금 | BG68: 증빙우선 | BH68: 건별지급
A69: 2025.12.05 | B69: 2025.12.08 | C69: 2025.12.05 | D69: 전자(세금)계산서 | E69: 직접비 | F69: 연구시설·장비비 | G69: 연구시설ㆍ장비 구입ㆍ설치비 | H69: 506088000 | I69: 410100190 | J69: 0 | K69: 95987810 | L69: 372818355 | M69: 0 | N69: 87261645 | O69: 37281835 | P69: 0 | Q69: 8726165 | R69: 0 | S69: 0 | T69: 0 | U69: 0 | V69: 0 | W69: 0 | X69: 정상 | Y69: 1 | Z69: 1 | AA69: 0 | AB69: 0 | AD69: 시설 | AG69: 컴퓨터서버 구입비 | AI69: 컴퓨터서버 구입비 | AJ69: 주)디에스앤지 | AK69: N | AU69: 집행(이체) 완료 | AV69: N | AW69: 미등록 | AX69: 미확정 | BA69: 미확정 | BF69: 현금 | BG69: 증빙우선 | BH69: 건별지급
A70: 2025.11.28 | B70: 2025.11.28 | C70: 2025.11.27 | D70: 기타증빙 | E70: 직접비 | F70: 연구활동비 | G70: 출장비 | H70: 83700 | I70: 83700 | J70: 0 | K70: 0 | L70: 83700 | M70: 0 | N70: 0 | O70: 0 | P70: 0 | Q70: 0 | R70: 0 | S70: 0 | T70: 0 | U70: 0 | V70: 0 | W70: 0 | X70: 정상 | Y70: 0 | Z70: 0 | AA70: 0 | AB70: 0 | AE70: 미등록 | AG70: 윤상원 외 0건 | AI70: 윤상원 외 0건 | AJ70: N | AK70: N | AU70: 집행(이체) 완료 | AV70: N | AW70: 미등록 | AX70: 미흡 | AY70: 증빙 자료 미비 | AZ70: 해당사업비카드 미사용 불인정 대상입니다. 타과제에서 미사용 내역 확인 바랍니다. | BA70: 미확정 | BF70: 현금 | BG70: 증빙우선 | BH70: 건별지급
A71: 2025.11.28 | B71: 2025.11.28 | C71: 2025.11.27 | D71: 기타증빙 | E71: 직접비 | F71: 연구활동비 | G71: 출장비 | H71: 70000 | I71: 70000 | J71: 0 | K71: 0 | L71: 70000 | M71: 0 | N71: 0 | O71: 0 | P71: 0 | Q71: 0 | R71: 0 | S71: 0 | T71: 0 | U71: 0 | V71: 0 | W71: 0 | X71: 정상 | Y71: 0 | Z71: 0 | AA71: 0 | AB71: 0 | AE71: 미등록 | AG71: 윤상원 외 0건 | AI71: 윤상원 외 0건 | AJ71: N | AK71: N | AU71: 집행(이체) 완료 | AV71: N | AW71: 미등록 | AX71: 정상 | BA71: 미확정 | BF71: 현금 | BG71: 증빙우선 | BH71: 건별지급
A72: 2025.11.21 | B72: 2025.12.16 | C72: 2025.12.15 | D72: 카드결제 | E72: 직접비 | F72: 연구활동비 | G72: 출장비 | H72: 39800 | I72: 39800 | J72: 0 | K72: 0 | L72: 36182 | M72: 0 | N72: 0 | O72: 3618 | P72: 0 | Q72: 0 | R72: 0 | S72: 0 | T72: 0 | U72: 0 | V72: 0 | W72: 0 | X72: 정상 | Y72: 0 | Z72: 0 | AA72: 0 | AB72: 0 | AE72: 미등록 | AG72: 강훈경 외 0건 | AI72: 강훈경 외 0건 | AJ72: 애슐리퀸즈 스타필드마켓 일산점 | AK72: N | AM72: 5525-7642-1944-6438 | AN72: 39027382 | AO72: 2025.11.21 | AP72: 2025.11.22 | AQ72: 2026.01.15 | AR72: 39800 | AS72: 0 | AT72: 0 | AU72: 집행(이체) 완료 | AV72: N | AW72: 미등록 | AX72: 정상 | BA72: 미확정 | BF72: 현금 | BG72: 증빙우선 | BH72: 건별지급
A73: 2025.11.21 | B73: 2025.12.16 | C73: 2025.12.15 | D73: 카드결제 | E73: 직접비 | F73: 연구활동비 | G73: 연구활동비 기타비용 | H73: 517400 | I73: 517400 | J73: 0 | K73: 0 | L73: 470364 | M73: 0 | N73: 0 | O73: 47036 | P73: 0 | Q73: 0 | R73: 0 | S73: 0 | T73: 0 | U73: 0 | V73: 0 | W73: 0 | X73: 정상 | Y73: 1 | Z73: 1 | AA73: 0 | AB73: 0 | AG73: [일반지급신청]2025 유니위크 행사 (11/19~21) 학생 점심 식대_ 1, | AI73: [일반지급신청]2025 유니위크 행사 (11/19~21) 학생 점심 식대_ 1, | AJ73: 애슐리퀸즈 스타필드마켓 일산점 | AK73: N | AM73: 5525-7642-1944-6438 | AN73: 39024312 | AO73: 2025.11.21 | AP73: 2025.11.22 | AQ73: 2026.01.15 | AR73: 517400 | AS73: 0 | AT73: 0 | AU73: 집행(이체) 완료 | AV73: N | AW73: 미등록 | AX73: 정상 | BA73: 미확정 | BF73: 현금 | BG73: 증빙우선 | BH73: 건별지급
A74: 2025.11.25 | B74: 2025.11.25 | C74: 2025.11.21 | D74: 기타증빙 | E74: 직접비 | F74: 인건비 | G74: 참여연구원 인건비 | H74: 3347790 | I74: 3347790 | J74: 0 | K74: 0 | L74: 3347790 | M74: 0 | N74: 0 | O74: 0 | P74: 0 | Q74: 0 | R74: 0 | S74: 0 | T74: 0 | U74: 0 | V74: 0 | W74: 0 | X74: 정상 | Y74: 1 | Z74: 1 | AA74: 0 | AB74: 0 | AG74: 실수령금액(근로)(실수령액)[202511]한호철 등 4명 인건비지급 | AI74: 실수령금액(근로)(실수령액)[202511]한호철 등 4명 인건비지급 | AJ74: N | AK74: N | AU74: 집행(이체) 완료 | AV74: N | AW74: 미등록 | AX74: 정상 | BA74: 미확정 | BF74: 현금 | BG74: 증빙우선 | BH74: 건별지급
A75: 2025.11.25 | B75: 2025.11.25 | C75: 2025.11.21 | D75: 기타증빙 | E75: 직접비 | F75: 인건비 | G75: 참여연구원 인건비 | H75: 368340 | I75: 368340 | J75: 0 | K75: 0 | L75: 368340 | M75: 0 | N75: 0 | O75: 0 | P75: 0 | Q75: 0 | R75: 0 | S75: 0 | T75: 0 | U75: 0 | V75: 0 | W75: 0 | X75: 정상 | Y75: 1 | Z75: 1 | AA75: 0 | AB75: 0 | AG75: 공제금액(근로)(건강보험외 3건)[202511]한호철 등 4명 인건비 | AI75: 공제금액(근로)(건강보험외 3건)[202511]한호철 등 4명 인건비 | AJ75: N | AK75: N | AU75: 집행(이체) 완료 | AV75: N | AW75: 미등록 | AX75: 정상 | BA75: 미확정 | BF75: 현금 | BG75: 증빙우선 | BH75: 건별지급
A76: 2025.11.25 | B76: 2025.11.25 | C76: 2025.11.21 | D76: 기타증빙 | E76: 직접비 | F76: 인건비 | G76: 참여연구원 인건비 | H76: 200870 | I76: 200870 | J76: 0 | K76: 0 | L76: 200870 | M76: 0 | N76: 0 | O76: 0 | P76: 0 | Q76: 0 | R76: 0 | S76: 0 | T76: 0 | U76: 0 | V76: 0 | W76: 0 | X76: 정상 | Y76: 1 | Z76: 1 | AA76: 0 | AB76: 0 | AG76: 공제금액(근로)(소득세외 1건)[202511]한호철 등 4명 인건비지 | AI76: 공제금액(근로)(소득세외 1건)[202511]한호철 등 4명 인건비지 | AJ76: N | AK76: N | AU76: 집행(이체) 완료 | AV76: N | AW76: 미등록 | AX76: 정상 | BA76: 미확정 | BF76: 현금 | BG76: 증빙우선 | BH76: 건별지급
A77: 2025.11.25 | B77: 2025.11.25 | C77: 2025.11.21 | D77: 기타증빙 | E77: 직접비 | F77: 인건비 | G77: 참여연구원 인건비 | H77: 425360 | I77: 425360 | J77: 0 | K77: 0 | L77: 425360 | M77: 0 | N77: 0 | O77: 0 | P77: 0 | Q77: 0 | R77: 0 | S77: 0 | T77: 0 | U77: 0 | V77: 0 | W77: 0 | X77: 정상 | Y77: 1 | Z77: 1 | AA77: 0 | AB77: 0 | AG77: 기관부담금액(건강보험(기관)외 4건)[202511]한호철 등 4명 인 | AI77: 기관부담금액(건강보험(기관)외 4건)[202511]한호철 등 4명 인 | AJ77: N | AK77: N | AU77: 집행(이체) 완료 | AV77: N | AW77: 미등록 | AX77: 정상 | BA77: 미확정 | BF77: 현금 | BG77: 증빙우선 | BH77: 건별지급
A78: 2025.11.25 | B78: 2025.11.25 | C78: 2025.11.21 | D78: 기타증빙 | E78: 직접비 | F78: 인건비 | G78: 참여연구원 인건비 | H78: 368340 | I78: 368340 | J78: 0 | K78: 0 | L78: 368340 | M78: 0 | N78: 0 | O78: 0 | P78: 0 | Q78: 0 | R78: 0 | S78: 0 | T78: 0 | U78: 0 | V78: 0 | W78: 0 | X78: 정상 | Y78: 1 | Z78: 1 | AA78: 0 | AB78: 0 | AG78: 공제금액(근로)(건강보험외 3건)[202511]한호철 등 4명 인건비 | AI78: 공제금액(근로)(건강보험외 3건)[202511]한호철 등 4명 인건비 | AJ78: N | AK78: N | AU78: 집행(이체) 완료 | AV78: N | AW78: 미등록 | AX78: 정상 | BA78: 미확정 | BF78: 현금 | BG78: 증빙우선 | BH78: 건별지급
A79: 2025.11.25 | B79: 2025.11.25 | C79: 2025.11.21 | D79: 기타증빙 | E79: 직접비 | F79: 인건비 | G79: 참여연구원 인건비 | H79: 72840 | I79: 72840 | J79: 0 | K79: 0 | L79: 72840 | M79: 0 | N79: 0 | O79: 0 | P79: 0 | Q79: 0 | R79: 0 | S79: 0 | T79: 0 | U79: 0 | V79: 0 | W79: 0 | X79: 정상 | Y79: 0 | Z79: 0 | AA79: 0 | AB79: 0 | AG79: 공제금액(근로)(소득세외 1건)[202511]한호철 등 4명 인건비지 | AI79: 공제금액(근로)(소득세외 1건)[202511]한호철 등 4명 인건비지 | AJ79: N | AK79: N | AU79: 집행(이체) 완료 | AV79: N | AW79: 미등록 | AX79: 정상 | BA79: 미확정 | BF79: 현금 | BG79: 증빙우선 | BH79: 건별지급
A80: 2025.11.25 | B80: 2025.11.25 | C80: 2025.11.21 | D80: 기타증빙 | E80: 직접비 | F80: 인건비 | G80: 참여연구원 인건비 | H80: 223280 | I80: 223280 | J80: 0 | K80: 0 | L80: 223280 | M80: 0 | N80: 0 | O80: 0 | P80: 0 | Q80: 0 | R80: 0 | S80: 0 | T80: 0 | U80: 0 | V80: 0 | W80: 0 | X80: 정상 | Y80: 1 | Z80: 1 | AA80: 0 | AB80: 0 | AG80: 기관부담금액(건강보험(기관)외 4건)[202511]한호철 등 4명 인 | AI80: 기관부담금액(건강보험(기관)외 4건)[202511]한호철 등 4명 인 | AJ80: N | AK80: N | AU80: 집행(이체) 완료 | AV80: N | AW80: 미등록 | AX80: 정상 | BA80: 미확정 | BF80: 현금 | BG80: 증빙우선 | BH80: 건별지급
A81: 2025.11.25 | B81: 2025.11.25 | C81: 2025.11.21 | D81: 기타증빙 | E81: 직접비 | F81: 인건비 | G81: 참여연구원 인건비 | H81: 326410 | I81: 326410 | J81: 0 | K81: 0 | L81: 326410 | M81: 0 | N81: 0 | O81: 0 | P81: 0 | Q81: 0 | R81: 0 | S81: 0 | T81: 0 | U81: 0 | V81: 0 | W81: 0 | X81: 정상 | Y81: 1 | Z81: 1 | AA81: 0 | AB81: 0 | AG81: 퇴직적립금액(퇴직적립금)[202511]한호철 등 4명 인건비지급내 | AI81: 퇴직적립금액(퇴직적립금)[202511]한호철 등 4명 인건비지급내 | AJ81: N | AK81: N | AU81: 집행(이체) 완료 | AV81: N | AW81: 미등록 | AX81: 정상 | BA81: 미확정 | BF81: 현금 | BG81: 증빙우선 | BH81: 건별지급
A82: 2025.11.25 | B82: 2025.11.25 | C82: 2025.11.21 | D82: 기타증빙 | E82: 직접비 | F82: 인건비 | G82: 참여연구원 인건비 | H82: 425360 | I82: 425360 | J82: 0 | K82: 0 | L82: 425360 | M82: 0 | N82: 0 | O82: 0 | P82: 0 | Q82: 0 | R82: 0 | S82: 0 | T82: 0 | U82: 0 | V82: 0 | W82: 0 | X82: 정상 | Y82: 1 | Z82: 1 | AA82: 0 | AB82: 0 | AG82: 기관부담금액(건강보험(기관)외 4건)[202511]한호철 등 4명 인 | AI82: 기관부담금액(건강보험(기관)외 4건)[202511]한호철 등 4명 인 | AJ82: N | AK82: N | AU82: 집행(이체) 완료 | AV82: N | AW82: 미등록 | AX82: 정상 | BA82: 미확정 | BF82: 현금 | BG82: 증빙우선 | BH82: 건별지급
A83: 2025.11.25 | B83: 2025.11.25 | C83: 2025.11.21 | D83: 기타증빙 | E83: 직접비 | F83: 인건비 | G83: 참여연구원 인건비 | H83: 326417 | I83: 326417 | J83: 0 | K83: 0 | L83: 326417 | M83: 0 | N83: 0 | O83: 0 | P83: 0 | Q83: 0 | R83: 0 | S83: 0 | T83: 0 | U83: 0 | V83: 0 | W83: 0 | X83: 정상 | Y83: 1 | Z83: 1 | AA83: 0 | AB83: 0 | AG83: 퇴직적립금액(퇴직적립금)[202511]한호철 등 4명 인건비지급내 | AI83: 퇴직적립금액(퇴직적립금)[202511]한호철 등 4명 인건비지급내 | AJ83: N | AK83: N | AU83: 집행(이체) 완료 | AV83: N | AW83: 미등록 | AX83: 정상 | BA83: 미확정 | BF83: 현금 | BG83: 증빙우선 | BH83: 건별지급
A84: 2025.11.25 | B84: 2025.11.25 | C84: 2025.11.21 | D84: 기타증빙 | E84: 직접비 | F84: 인건비 | G84: 참여연구원 인건비 | H84: 200870 | I84: 200870 | J84: 0 | K84: 0 | L84: 200870 | M84: 0 | N84: 0 | O84: 0 | P84: 0 | Q84: 0 | R84: 0 | S84: 0 | T84: 0 | U84: 0 | V84: 0 | W84: 0 | X84: 정상 | Y84: 1 | Z84: 1 | AA84: 0 | AB84: 0 | AG84: 공제금액(근로)(소득세외 1건)[202511]한호철 등 4명 인건비지 | AI84: 공제금액(근로)(소득세외 1건)[202511]한호철 등 4명 인건비지 | AJ84: N | AK84: N | AU84: 집행(이체) 완료 | AV84: N | AW84: 미등록 | AX84: 정상 | BA84: 미확정 | BF84: 현금 | BG84: 증빙우선 | BH84: 건별지급
A85: 2025.11.25 | B85: 2025.11.25 | C85: 2025.11.21 | D85: 기타증빙 | E85: 직접비 | F85: 인건비 | G85: 참여연구원 인건비 | H85: 3347790 | I85: 3347790 | J85: 0 | K85: 0 | L85: 3347790 | M85: 0 | N85: 0 | O85: 0 | P85: 0 | Q85: 0 | R85: 0 | S85: 0 | T85: 0 | U85: 0 | V85: 0 | W85: 0 | X85: 정상 | Y85: 1 | Z85: 1 | AA85: 0 | AB85: 0 | AG85: 실수령금액(근로)(실수령액)[202511]한호철 등 4명 인건비지급 | AI85: 실수령금액(근로)(실수령액)[202511]한호철 등 4명 인건비지급 | AJ85: N | AK85: N | AU85: 집행(이체) 완료 | AV85: N | AW85: 미등록 | AX85: 정상 | BA85: 미확정 | BF85: 현금 | BG85: 증빙우선 | BH85: 건별지급
... A93: 2025.11.25 | B93: 2025.11.25 | C93: 2025.11.21 | D93: 기타증빙 | E93: 직접비 | F93: 인건비 | G93: 참여연구원 인건비 | H93: 1839670 | I93: 1839670 | J93: 0 | K93: 0 | L93: 1839670 | M93: 0 | N93: 0 | O93: 0 | P93: 0 | Q93: 0 | R93: 0 | S93: 0 | T93: 0 | U93: 0 | V93: 0 | W93: 0 | X93: 정상 | Y93: 1 | Z93: 1 | AA93: 0 | AB93: 0 | AG93: 실수령금액(근로)(실수령액)[202511]한호철 등 4명 인건비지급 | AI93: 실수령금액(근로)(실수령액)[202511]한호철 등 4명 인건비지급 | AJ93: N | AK93: N | AU93: 집행(이체) 완료 | AV93: N | AW93: 미등록 | AX93: 정상 | BA93: 미확정 | BF93: 현금 | BG93: 증빙우선 | BH93: 건별지급
A94: 2025.11.20 | B94: 2025.12.16 | C94: 2025.12.15 | D94: 카드결제 | E94: 직접비 | F94: 연구활동비 | G94: 출장비 | H94: 19900 | I94: 19900 | J94: 0 | K94: 0 | L94: 18091 | M94: 0 | N94: 0 | O94: 1809 | P94: 0 | Q94: 0 | R94: 0 | S94: 0 | T94: 0 | U94: 0 | V94: 0 | W94: 0 | X94: 정상 | Y94: 0 | Z94: 0 | AA94: 0 | AB94: 0 | AE94: 미등록 | AG94: 강훈경 외 0건 | AI94: 강훈경 외 0건 | AJ94: 애슐리퀸즈 스타필드마켓 일산점 | AK94: N | AM94: 5525-7642-1944-6438 | AN94: 24811972 | AO94: 2025.11.20 | AP94: 2025.11.21 | AQ94: 2026.01.15 | AR94: 19900 | AS94: 0 | AT94: 0 | AU94: 집행(이체) 완료 | AV94: N | AW94: 미등록 | AX94: 정상 | BA94: 미확정 | BF94: 현금 | BG94: 증빙우선 | BH94: 건별지급
A95: 2025.11.20 | B95: 2025.12.16 | C95: 2025.12.15 | D95: 카드결제 | E95: 직접비 | F95: 연구활동비 | G95: 연구활동비 기타비용 | H95: 318400 | I95: 318400 | J95: 0 | K95: 0 | L95: 289455 | M95: 0 | N95: 0 | O95: 28945 | P95: 0 | Q95: 0 | R95: 0 | S95: 0 | T95: 0 | U95: 0 | V95: 0 | W95: 0 | X95: 정상 | Y95: 1 | Z95: 1 | AA95: 0 | AB95: 0 | AG95: [일반지급신청]2025 유니위크 행사 (11/19~21) 학생 점심 식대_ 1, | AI95: [일반지급신청]2025 유니위크 행사 (11/19~21) 학생 점심 식대_ 1, | AJ95: 애슐리퀸즈 스타필드마켓 일산점 | AK95: N | AM95: 5525-7642-1944-6438 | AN95: 24794252 | AO95: 2025.11.20 | AP95: 2025.11.21 | AQ95: 2026.01.15 | AR95: 318400 | AS95: 0 | AT95: 0 | AU95: 집행(이체) 완료 | AV95: N | AW95: 미등록 | AX95: 정상 | BA95: 미확정 | BF95: 현금 | BG95: 증빙우선 | BH95: 건별지급
A96: 2025.11.20 | B96: 2025.12.16 | C96: 2025.12.15 | D96: 카드결제 | E96: 직접비 | F96: 연구활동비 | G96: 연구활동비 기타비용 | H96: 34760 | I96: 34760 | J96: 0 | K96: 0 | L96: 31600 | M96: 0 | N96: 0 | O96: 3160 | P96: 0 | Q96: 0 | R96: 0 | S96: 0 | T96: 0 | U96: 0 | V96: 0 | W96: 0 | X96: 정상 | Y96: 0 | Z96: 0 | AA96: 0 | AB96: 0 | AG96: [구매지출신청] 2차년도 연차실적 보고서 제본비 등 총 1건 | AI96: [구매지출신청] 2차년도 연차실적 보고서 제본비 등 총 1건 | AJ96: 시스템프로 | AK96: N | AM96: 5525-7642-1883-0921 | AN96: 30412207 | AO96: 2025.11.20 | AP96: 2025.11.21 | AQ96: 2026.01.15 | AR96: 34760 | AS96: 0 | AT96: 0 | AU96: 집행(이체) 완료 | AV96: N | AW96: 미등록 | AX96: 정상 | BA96: 미확정 | BF96: 현금 | BG96: 증빙우선 | BH96: 건별지급
A97: 2025.11.19 | B97: 2025.12.16 | C97: 2025.12.15 | D97: 카드결제 | E97: 직접비 | F97: 연구활동비 | G97: 출장비 | H97: 59700 | I97: 59700 | J97: 0 | K97: 0 | L97: 54273 | M97: 0 | N97: 0 | O97: 5427 | P97: 0 | Q97: 0 | R97: 0 | S97: 0 | T97: 0 | U97: 0 | V97: 0 | W97: 0 | X97: 정상 | Y97: 0 | Z97: 0 | AA97: 0 | AB97: 0 | AE97: 미등록 | AG97: 강훈경 외 0건 | AI97: 강훈경 외 0건 | AJ97: 애슐리퀸즈 스타필드마켓 일산점 | AK97: N | AM97: 5525-7642-1944-6438 | AN97: 12046401 | AO97: 2025.11.19 | AP97: 2025.11.20 | AQ97: 2026.01.15 | AR97: 59700 | AS97: 0 | AT97: 0 | AU97: 집행(이체) 완료 | AV97: N | AW97: 미등록 | AX97: 정상 | BA97: 미확정 | BF97: 현금 | BG97: 증빙우선 | BH97: 건별지급
A98: 2025.11.19 | B98: 2025.12.16 | C98: 2025.12.15 | D98: 카드결제 | E98: 직접비 | F98: 연구활동비 | G98: 출장비 | H98: 19900 | I98: 19900 | J98: 0 | K98: 0 | L98: 18091 | M98: 0 | N98: 0 | O98: 1809 | P98: 0 | Q98: 0 | R98: 0 | S98: 0 | T98: 0 | U98: 0 | V98: 0 | W98: 0 | X98: 정상 | Y98: 0 | Z98: 0 | AA98: 0 | AB98: 0 | AE98: 미등록 | AG98: 강훈경 외 0건 | AI98: 강훈경 외 0건 | AJ98: 애슐리퀸즈 스타필드마켓 일산점 | AK98: N | AM98: 5525-7642-1944-6438 | AN98: 11198811 | AO98: 2025.11.19 | AP98: 2025.11.20 | AQ98: 2026.01.15 | AR98: 19900 | AS98: 0 | AT98: 0 | AU98: 집행(이체) 완료 | AV98: N | AW98: 미등록 | AX98: 정상 | BA98: 미확정 | BF98: 현금 | BG98: 증빙우선 | BH98: 건별지급
A99: 2025.11.19 | B99: 2025.12.16 | C99: 2025.12.15 | D99: 카드결제 | E99: 직접비 | F99: 연구활동비 | G99: 연구활동비 기타비용 | H99: 159200 | I99: 159200 | J99: 0 | K99: 0 | L99: 144728 | M99: 0 | N99: 0 | O99: 14472 | P99: 0 | Q99: 0 | R99: 0 | S99: 0 | T99: 0 | U99: 0 | V99: 0 | W99: 0 | X99: 정상 | Y99: 1 | Z99: 1 | AA99: 0 | AB99: 0 | AG99: [일반지급신청]2025 유니위크 행사 (11/19~21) 학생 점심 식대_ 1, | AI99: [일반지급신청]2025 유니위크 행사 (11/19~21) 학생 점심 식대_ 1, | AJ99: 애슐리퀸즈 스타필드마켓 일산점 | AK99: N | AM99: 5525-7642-1944-6438 | AN99: 10945101 | AO99: 2025.11.19 | AP99: 2025.11.20 | AQ99: 2026.01.15 | AR99: 159200 | AS99: 0 | AT99: 0 | AU99: 집행(이체) 완료 | AV99: N | AW99: 미등록 | AX99: 정상 | BA99: 미확정 | BF99: 현금 | BG99: 증빙우선 | BH99: 건별지급
A100: 2025.11.19 | B100: 2025.12.16 | C100: 2025.12.15 | D100: 카드결제 | E100: 직접비 | F100: 연구활동비 | G100: 연구활동비 기타비용 | H100: 19900 | I100: 19900 | J100: 0 | K100: 0 | L100: 18091 | M100: 0 | N100: 0 | O100: 1809 | P100: 0 | Q100: 0 | R100: 0 | S100: 0 | T100: 0 | U100: 0 | V100: 0 | W100: 0 | X100: 정상 | Y100: 0 | Z100: 0 | AA100: 0 | AB100: 0 | AG100: [일반지급신청]2025 유니위크 행사 (11/19~21) 학생 점심 식대_ 1, | AI100: [일반지급신청]2025 유니위크 행사 (11/19~21) 학생 점심 식대_ 1, | AJ100: 애슐리퀸즈 스타필드마켓 일산점 | AK100: N | AM100: 5525-7642-1944-6438 | AN100: 11196955 | AO100: 2025.11.19 | AP100: 2025.11.21 | AQ100: 2026.01.15 | AR100: 19900 | AS100: 0 | AT100: 0 | AU100: 집행(이체) 완료 | AV100: N | AW100: 미등록 | AX100: 정상 | BA100: 미확정 | BF100: 현금 | BG100: 증빙우선 | BH100: 건별지급
A101: 2025.11.19 | B101: 2025.12.16 | C101: 2025.12.15 | D101: 카드결제 | E101: 직접비 | F101: 연구활동비 | G101: 연구활동비 기타비용 | H101: 19900 | I101: 19900 | J101: 0 | K101: 0 | L101: 18091 | M101: 0 | N101: 0 | O101: 1809 | P101: 0 | Q101: 0 | R101: 0 | S101: 0 | T101: 0 | U101: 0 | V101: 0 | W101: 0 | X101: 정상 | Y101: 0 | Z101: 0 | AA101: 0 | AB101: 0 | AG101: [일반지급신청]2025 유니위크 행사 (11/19~21) 학생 점심 식대_ 1, | AI101: [일반지급신청]2025 유니위크 행사 (11/19~21) 학생 점심 식대_ 1, | AJ101: 애슐리퀸즈 스타필드마켓 일산점 | AK101: N | AM101: 5525-7642-1944-6438 | AN101: 11200752 | AO101: 2025.11.19 | AP101: 2025.11.21 | AQ101: 2026.01.15 | AR101: 19900 | AS101: 0 | AT101: 0 | AU101: 집행(이체) 완료 | AV101: N | AW101: 미등록 | AX101: 정상 | BA101: 미확정 | BF101: 현금 | BG101: 증빙우선 | BH101: 건별지급
A102: 2025.11.19 | B102: 2025.12.09 | C102: 2025.12.08 | D102: 카드결제 | E102: 직접비 | F102: 연구활동비 | G102: 연구활동비 기타비용 | H102: 2180000 | I102: 2180000 | J102: 0 | K102: 0 | L102: 1981819 | M102: 0 | N102: 0 | O102: 198181 | P102: 0 | Q102: 0 | R102: 0 | S102: 0 | T102: 0 | U102: 0 | V102: 0 | W102: 0 | X102: 정상 | Y102: 1 | Z102: 1 | AA102: 0 | AB102: 0 | AG102: [일반지급신청] 차세대지능형반도체전공 2025년 장학생 간담 | AI102: [일반지급신청] 차세대지능형반도체전공 2025년 장학생 간담 | AJ102: 믿음상패 | AK102: N | AM102: 5525-7642-1699-1980 | AN102: 14923304 | AO102: 2025.11.19 | AP102: 2025.11.21 | AQ102: 2025.12.15 | AR102: 2180000 | AS102: 0 | AT102: 0 | AU102: 집행(이체) 완료 | AV102: N | AW102: 미등록 | AX102: 정상 | BA102: 미확정 | BF102: 현금 | BG102: 증빙우선 | BH102: 건별지급
A103: 2025.11.19 | B103: 2025.12.09 | C103: 2025.12.08 | D103: 카드결제 | E103: 직접비 | F103: 연구활동비 | G103: 연구활동비 기타비용 | H103: 2180000 | I103: 2180000 | J103: 0 | K103: 0 | L103: 1981819 | M103: 0 | N103: 0 | O103: 198181 | P103: 0 | Q103: 0 | R103: 0 | S103: 0 | T103: 0 | U103: 0 | V103: 0 | W103: 0 | X103: 정상 | Y103: 1 | Z103: 1 | AA103: 0 | AB103: 0 | AG103: [일반지급신청] 차세대지능형반도체전공 2025년 장학생 간담 | AI103: [일반지급신청] 차세대지능형반도체전공 2025년 장학생 간담 | AJ103: 믿음상패 | AK103: N | AM103: 5525-7642-1699-1980 | AN103: 14934705 | AO103: 2025.11.19 | AP103: 2025.11.20 | AQ103: 2025.12.15 | AR103: 2180000 | AS103: 0 | AT103: 0 | AU103: 집행(이체) 완료 | AV103: N | AW103: 미등록 | AX103: 정상 | BA103: 미확정 | BF103: 현금 | BG103: 증빙우선 | BH103: 건별지급
A104: 2025.11.19 | B104: 2025.11.19 | C104: 2025.11.19 | D104: 기타증빙 | E104: 직접비 | F104: 연구활동비 | G104: 외부 전문기술 활용비 | H104: 96800 | I104: 96800 | J104: 0 | K104: 0 | L104: 96800 | M104: 0 | N104: 0 | O104: 0 | P104: 0 | Q104: 0 | R104: 0 | S104: 0 | T104: 0 | U104: 0 | V104: 0 | W104: 0 | X104: 정상 | Y104: 0 | Z104: 0 | AA104: 0 | AB104: 0 | AE104: 미등록 | AG104: 공제금액(기타)(소득세외 1건)우수장학금 지급 신청서 | AI104: 공제금액(기타)(소득세외 1건)우수장학금 지급 신청서 | AJ104: N | AK104: N | AU104: 집행(이체) 완료 | AV104: N | AW104: 미등록 | AX104: 정상 | BA104: 미확정 | BF104: 현금 | BG104: 증빙우선 | BH104: 건별지급
A105: 2025.11.19 | B105: 2025.11.19 | C105: 2025.11.19 | D105: 기타증빙 | E105: 직접비 | F105: 연구활동비 | G105: 외부 전문기술 활용비 | H105: 1003200 | I105: 1003200 | J105: 0 | K105: 0 | L105: 1003200 | M105: 0 | N105: 0 | O105: 0 | P105: 0 | Q105: 0 | R105: 0 | S105: 0 | T105: 0 | U105: 0 | V105: 0 | W105: 0 | X105: 정상 | Y105: 1 | Z105: 1 | AA105: 0 | AB105: 0 | AE105: 미등록 | AG105: 실수령금액(기타)(실수령액)우수장학금 지급 신청서 | AI105: 실수령금액(기타)(실수령액)우수장학금 지급 신청서 | AJ105: N | AK105: N | AU105: 집행(이체) 완료 | AV105: N | AW105: 미등록 | AX105: 정상 | BA105: 미확정 | BF105: 현금 | BG105: 증빙우선 | BH105: 건별지급
A106: 2025.11.19 | B106: 2025.11.19 | C106: 2025.11.19 | D106: 기타증빙 | E106: 직접비 | F106: 연구활동비 | G106: 외부 전문기술 활용비 | H106: 547200 | I106: 547200 | J106: 0 | K106: 0 | L106: 547200 | M106: 0 | N106: 0 | O106: 0 | P106: 0 | Q106: 0 | R106: 0 | S106: 0 | T106: 0 | U106: 0 | V106: 0 | W106: 0 | X106: 정상 | Y106: 1 | Z106: 1 | AA106: 0 | AB106: 0 | AE106: 해당없음 | AG106: 실수령금액(기타)(실수령액)우수장학금 지급 신청서 | AI106: 실수령금액(기타)(실수령액)우수장학금 지급 신청서 | AJ106: N | AK106: N | AU106: 집행(이체) 완료 | AV106: N | AW106: 미등록 | AX106: 정상 | BA106: 미확정 | BF106: 현금 | BG106: 증빙우선 | BH106: 건별지급
A107: 2025.11.19 | B107: 2025.11.19 | C107: 2025.11.19 | D107: 기타증빙 | E107: 직접비 | F107: 연구활동비 | G107: 외부 전문기술 활용비 | H107: 547200 | I107: 547200 | J107: 0 | K107: 0 | L107: 547200 | M107: 0 | N107: 0 | O107: 0 | P107: 0 | Q107: 0 | R107: 0 | S107: 0 | T107: 0 | U107: 0 | V107: 0 | W107: 0 | X107: 정상 | Y107: 1 | Z107: 1 | AA107: 0 | AB107: 0 | AE107: 미등록 | AG107: 실수령금액(기타)(실수령액)우수장학금 지급 신청서 | AI107: 실수령금액(기타)(실수령액)우수장학금 지급 신청서 | AJ107: N | AK107: N | AU107: 집행(이체) 완료 | AV107: N | AW107: 미등록 | AX107: 정상 | BA107: 미확정 | BF107: 현금 | BG107: 증빙우선 | BH107: 건별지급
A108: 2025.11.19 | B108: 2025.11.19 | C108: 2025.11.19 | D108: 기타증빙 | E108: 직접비 | F108: 연구활동비 | G108: 외부 전문기술 활용비 | H108: 52800 | I108: 52800 | J108: 0 | K108: 0 | L108: 52800 | M108: 0 | N108: 0 | O108: 0 | P108: 0 | Q108: 0 | R108: 0 | S108: 0 | T108: 0 | U108: 0 | V108: 0 | W108: 0 | X108: 정상 | Y108: 0 | Z108: 0 | AA108: 0 | AB108: 0 | AE108: 미등록 | AG108: 공제금액(기타)(소득세외 1건)우수장학금 지급 신청서 | AI108: 공제금액(기타)(소득세외 1건)우수장학금 지급 신청서 | AJ108: N | AK108: N | AU108: 집행(이체) 완료 | AV108: N | AW108: 미등록 | AX108: 정상 | BA108: 미확정 | BF108: 현금 | BG108: 증빙우선 | BH108: 건별지급
A109: 2025.11.19 | B109: 2025.11.19 | C109: 2025.11.19 | D109: 기타증빙 | E109: 직접비 | F109: 연구활동비 | G109: 외부 전문기술 활용비 | H109: 140800 | I109: 140800 | J109: 0 | K109: 0 | L109: 140800 | M109: 0 | N109: 0 | O109: 0 | P109: 0 | Q109: 0 | R109: 0 | S109: 0 | T109: 0 | U109: 0 | V109: 0 | W109: 0 | X109: 정상 | Y109: 1 | Z109: 1 | AA109: 0 | AB109: 0 | AE109: 미등록 | AG109: 공제금액(기타)(소득세외 1건)우수장학금 지급 신청서 | AI109: 공제금액(기타)(소득세외 1건)우수장학금 지급 신청서 | AJ109: N | AK109: N | AU109: 집행(이체) 완료 | AV109: N | AW109: 미등록 | AX109: 정상 | BA109: 미확정 | BF109: 현금 | BG109: 증빙우선 | BH109: 건별지급
A110: 2025.11.19 | B110: 2025.11.19 | C110: 2025.11.19 | D110: 기타증빙 | E110: 직접비 | F110: 연구활동비 | G110: 외부 전문기술 활용비 | H110: 547200 | I110: 547200 | J110: 0 | K110: 0 | L110: 547200 | M110: 0 | N110: 0 | O110: 0 | P110: 0 | Q110: 0 | R110: 0 | S110: 0 | T110: 0 | U110: 0 | V110: 0 | W110: 0 | X110: 정상 | Y110: 1 | Z110: 1 | AA110: 0 | AB110: 0 | AE110: 미등록 | AG110: 실수령금액(기타)(실수령액)우수장학금 지급 신청서 | AI110: 실수령금액(기타)(실수령액)우수장학금 지급 신청서 | AJ110: N | AK110: N | AU110: 집행(이체) 완료 | AV110: N | AW110: 미등록 | AX110: 정상 | BA110: 미확정 | BF110: 현금 | BG110: 증빙우선 | BH110: 건별지급
A111: 2025.11.19 | B111: 2025.11.19 | C111: 2025.11.19 | D111: 기타증빙 | E111: 직접비 | F111: 연구활동비 | G111: 외부 전문기술 활용비 | H111: 52800 | I111: 52800 | J111: 0 | K111: 0 | L111: 52800 | M111: 0 | N111: 0 | O111: 0 | P111: 0 | Q111: 0 | R111: 0 | S111: 0 | T111: 0 | U111: 0 | V111: 0 | W111: 0 | X111: 정상 | Y111: 0 | Z111: 0 | AA111: 0 | AB111: 0 | AE111: 미등록 | AG111: 공제금액(기타)(소득세외 1건)우수장학금 지급 신청서 | AI111: 공제금액(기타)(소득세외 1건)우수장학금 지급 신청서 | AJ111: N | AK111: N | AU111: 집행(이체) 완료 | AV111: N | AW111: 미등록 | AX111: 정상 | BA111: 미확정 | BF111: 현금 | BG111: 증빙우선 | BH111: 건별지급
A112: 2025.11.19 | B112: 2025.11.19 | C112: 2025.11.19 | D112: 기타증빙 | E112: 직접비 | F112: 연구활동비 | G112: 외부 전문기술 활용비 | H112: 1003200 | I112: 1003200 | J112: 0 | K112: 0 | L112: 1003200 | M112: 0 | N112: 0 | O112: 0 | P112: 0 | Q112: 0 | R112: 0 | S112: 0 | T112: 0 | U112: 0 | V112: 0 | W112: 0 | X112: 정상 | Y112: 1 | Z112: 1 | AA112: 0 | AB112: 0 | AE112: 미등록 | AG112: 실수령금액(기타)(실수령액)우수장학금 지급 신청서 | AI112: 실수령금액(기타)(실수령액)우수장학금 지급 신청서 | AJ112: N | AK112: N | AU112: 집행(이체) 완료 | AV112: N | AW112: 미등록 | AX112: 정상 | BA112: 미확정 | BF112: 현금 | BG112: 증빙우선 | BH112: 건별지급
A113: 2025.11.19 | B113: 2025.11.19 | C113: 2025.11.19 | D113: 기타증빙 | E113: 직접비 | F113: 연구활동비 | G113: 외부 전문기술 활용비 | H113: 52800 | I113: 52800 | J113: 0 | K113: 0 | L113: 52800 | M113: 0 | N113: 0 | O113: 0 | P113: 0 | Q113: 0 | R113: 0 | S113: 0 | T113: 0 | U113: 0 | V113: 0 | W113: 0 | X113: 정상 | Y113: 0 | Z113: 0 | AA113: 0 | AB113: 0 | AE113: 미등록 | AG113: 공제금액(기타)(소득세외 1건)우수장학금 지급 신청서 | AI113: 공제금액(기타)(소득세외 1건)우수장학금 지급 신청서 | AJ113: N | AK113: N | AU113: 집행(이체) 완료 | AV113: N | AW113: 미등록 | AX113: 정상 | BA113: 미확정 | BF113: 현금 | BG113: 증빙우선 | BH113: 건별지급
A114: 2025.11.19 | B114: 2025.11.19 | C114: 2025.11.19 | D114: 기타증빙 | E114: 직접비 | F114: 연구활동비 | G114: 외부 전문기술 활용비 | H114: 88000 | I114: 88000 | J114: 0 | K114: 0 | L114: 88000 | M114: 0 | N114: 0 | O114: 0 | P114: 0 | Q114: 0 | R114: 0 | S114: 0 | T114: 0 | U114: 0 | V114: 0 | W114: 0 | X114: 정상 | Y114: 0 | Z114: 0 | AA114: 0 | AB114: 0 | AE114: 미등록 | AG114: 공제금액(기타)(소득세외 1건)3기 융합전공 선발장학금 지급 | AI114: 공제금액(기타)(소득세외 1건)3기 융합전공 선발장학금 지급 | AJ114: N | AK114: N | AU114: 집행(이체) 완료 | AV114: N | AW114: 미등록 | AX114: 정상 | BA114: 미확정 | BF114: 현금 | BG114: 증빙우선 | BH114: 건별지급
A115: 2025.11.19 | B115: 2025.11.19 | C115: 2025.11.19 | D115: 기타증빙 | E115: 직접비 | F115: 연구활동비 | G115: 외부 전문기술 활용비 | H115: 912000 | I115: 912000 | J115: 0 | K115: 0 | L115: 912000 | M115: 0 | N115: 0 | O115: 0 | P115: 0 | Q115: 0 | R115: 0 | S115: 0 | T115: 0 | U115: 0 | V115: 0 | W115: 0 | X115: 정상 | Y115: 1 | Z115: 1 | AA115: 0 | AB115: 0 | AE115: 미등록 | AG115: 실수령금액(기타)(실수령액)3기 융합전공 선발장학금 지급 | AI115: 실수령금액(기타)(실수령액)3기 융합전공 선발장학금 지급 | AJ115: N | AK115: N | AU115: 집행(이체) 완료 | AV115: N | AW115: 미등록 | AX115: 정상 | BA115: 미확정 | BF115: 현금 | BG115: 증빙우선 | BH115: 건별지급
... A161: 2025.11.19 | B161: 2025.11.19 | C161: 2025.11.19 | D161: 기타증빙 | E161: 직접비 | F161: 연구활동비 | G161: 외부 전문기술 활용비 | H161: 912000 | I161: 912000 | J161: 0 | K161: 0 | L161: 912000 | M161: 0 | N161: 0 | O161: 0 | P161: 0 | Q161: 0 | R161: 0 | S161: 0 | T161: 0 | U161: 0 | V161: 0 | W161: 0 | X161: 정상 | Y161: 1 | Z161: 1 | AA161: 0 | AB161: 0 | AE161: 미등록 | AG161: 실수령금액(기타)(실수령액)3기 융합전공 선발장학금 지급 | AI161: 실수령금액(기타)(실수령액)3기 융합전공 선발장학금 지급 | AJ161: N | AK161: N | AU161: 집행(이체) 완료 | AV161: N | AW161: 미등록 | AX161: 정상 | BA161: 미확정 | BF161: 현금 | BG161: 증빙우선 | BH161: 건별지급
A162: 2025.11.19 | B162: 2025.11.19 | C162: 2025.11.19 | D162: 기타증빙 | E162: 직접비 | F162: 연구시설·장비비 | G162: 연구시설ㆍ장비 운영ㆍ유지비 | H162: 30000 | I162: 30000 | J162: 0 | K162: 0 | L162: 30000 | M162: 0 | N162: 0 | O162: 0 | P162: 0 | Q162: 0 | R162: 0 | S162: 0 | T162: 0 | U162: 0 | V162: 0 | W162: 0 | X162: 정상 | Y162: 0 | Z162: 0 | AA162: 0 | AB162: 0 | AG162: [구매지출신청] 스위치 매트릭스 구입시 나라장터 이용수수 | AI162: [구매지출신청] 스위치 매트릭스 구입시 나라장터 이용수수 | AJ162: N | AK162: N | AU162: 집행(이체) 완료 | AV162: N | AW162: 미등록 | AX162: 정상 | BA162: 미확정 | BF162: 현금 | BG162: 증빙우선 | BH162: 건별지급
A163: 2025.11.19 | B163: 2025.11.19 | C163: 2025.11.19 | D163: 기타증빙 | E163: 직접비 | F163: 연구활동비 | G163: 외부 전문기술 활용비 | H163: 912000 | I163: 912000 | J163: 0 | K163: 0 | L163: 912000 | M163: 0 | N163: 0 | O163: 0 | P163: 0 | Q163: 0 | R163: 0 | S163: 0 | T163: 0 | U163: 0 | V163: 0 | W163: 0 | X163: 정상 | Y163: 1 | Z163: 1 | AA163: 0 | AB163: 0 | AE163: 미등록 | AG163: 실수령금액(기타)(실수령액)3기 융합전공 선발장학금 지급 | AI163: 실수령금액(기타)(실수령액)3기 융합전공 선발장학금 지급 | AJ163: N | AK163: N | AU163: 집행(이체) 완료 | AV163: N | AW163: 미등록 | AX163: 정상 | BA163: 미확정 | BF163: 현금 | BG163: 증빙우선 | BH163: 건별지급
A164: 2025.11.19 | B164: 2025.11.19 | C164: 2025.11.19 | D164: 기타증빙 | E164: 직접비 | F164: 연구활동비 | G164: 외부 전문기술 활용비 | H164: 88000 | I164: 88000 | J164: 0 | K164: 0 | L164: 88000 | M164: 0 | N164: 0 | O164: 0 | P164: 0 | Q164: 0 | R164: 0 | S164: 0 | T164: 0 | U164: 0 | V164: 0 | W164: 0 | X164: 정상 | Y164: 0 | Z164: 0 | AA164: 0 | AB164: 0 | AE164: 미등록 | AG164: 공제금액(기타)(소득세외 1건)3기 융합전공 선발장학금 지급 | AI164: 공제금액(기타)(소득세외 1건)3기 융합전공 선발장학금 지급 | AJ164: N | AK164: N | AU164: 집행(이체) 완료 | AV164: N | AW164: 미등록 | AX164: 정상 | BA164: 미확정 | BF164: 현금 | BG164: 증빙우선 | BH164: 건별지급
A165: 2025.11.19 | B165: 2025.11.19 | C165: 2025.11.19 | D165: 기타증빙 | E165: 직접비 | F165: 연구활동비 | G165: 외부 전문기술 활용비 | H165: 638400 | I165: 638400 | J165: 0 | K165: 0 | L165: 638400 | M165: 0 | N165: 0 | O165: 0 | P165: 0 | Q165: 0 | R165: 0 | S165: 0 | T165: 0 | U165: 0 | V165: 0 | W165: 0 | X165: 정상 | Y165: 1 | Z165: 1 | AA165: 0 | AB165: 0 | AE165: 미등록 | AG165: 실수령금액(기타)(실수령액)3기 융합전공 선발장학금 지급 | AI165: 실수령금액(기타)(실수령액)3기 융합전공 선발장학금 지급 | AJ165: N | AK165: N | AU165: 집행(이체) 완료 | AV165: N | AW165: 미등록 | AX165: 정상 | BA165: 미확정 | BF165: 현금 | BG165: 증빙우선 | BH165: 건별지급
A166: 2025.11.19 | B166: 2025.11.19 | C166: 2025.11.19 | D166: 기타증빙 | E166: 직접비 | F166: 연구활동비 | G166: 외부 전문기술 활용비 | H166: 61600 | I166: 61600 | J166: 0 | K166: 0 | L166: 61600 | M166: 0 | N166: 0 | O166: 0 | P166: 0 | Q166: 0 | R166: 0 | S166: 0 | T166: 0 | U166: 0 | V166: 0 | W166: 0 | X166: 정상 | Y166: 0 | Z166: 0 | AA166: 0 | AB166: 0 | AE166: 미등록 | AG166: 공제금액(기타)(소득세외 1건)3기 융합전공 선발장학금 지급 | AI166: 공제금액(기타)(소득세외 1건)3기 융합전공 선발장학금 지급 | AJ166: N | AK166: N | AU166: 집행(이체) 완료 | AV166: N | AW166: 미등록 | AX166: 정상 | BA166: 미확정 | BF166: 현금 | BG166: 증빙우선 | BH166: 건별지급
A167: 2025.11.19 | B167: 2025.11.19 | C167: 2025.11.19 | D167: 기타증빙 | E167: 직접비 | F167: 연구활동비 | G167: 외부 전문기술 활용비 | H167: 61600 | I167: 61600 | J167: 0 | K167: 0 | L167: 61600 | M167: 0 | N167: 0 | O167: 0 | P167: 0 | Q167: 0 | R167: 0 | S167: 0 | T167: 0 | U167: 0 | V167: 0 | W167: 0 | X167: 정상 | Y167: 0 | Z167: 0 | AA167: 0 | AB167: 0 | AE167: 미등록 | AG167: 공제금액(기타)(소득세외 1건)3기 융합전공 선발장학금 지급 | AI167: 공제금액(기타)(소득세외 1건)3기 융합전공 선발장학금 지급 | AJ167: N | AK167: N | AU167: 집행(이체) 완료 | AV167: N | AW167: 미등록 | AX167: 정상 | BA167: 미확정 | BF167: 현금 | BG167: 증빙우선 | BH167: 건별지급
A168: 2025.11.19 | B168: 2025.11.19 | C168: 2025.11.19 | D168: 기타증빙 | E168: 직접비 | F168: 연구활동비 | G168: 외부 전문기술 활용비 | H168: 912000 | I168: 912000 | J168: 0 | K168: 0 | L168: 912000 | M168: 0 | N168: 0 | O168: 0 | P168: 0 | Q168: 0 | R168: 0 | S168: 0 | T168: 0 | U168: 0 | V168: 0 | W168: 0 | X168: 정상 | Y168: 1 | Z168: 1 | AA168: 0 | AB168: 0 | AE168: 미등록 | AG168: 실수령금액(기타)(실수령액)3기 융합전공 선발장학금 지급 | AI168: 실수령금액(기타)(실수령액)3기 융합전공 선발장학금 지급 | AJ168: N | AK168: N | AU168: 집행(이체) 완료 | AV168: N | AW168: 미등록 | AX168: 정상 | BA168: 미확정 | BF168: 현금 | BG168: 증빙우선 | BH168: 건별지급
A169: 2025.11.19 | B169: 2025.11.19 | C169: 2025.11.19 | D169: 기타증빙 | E169: 직접비 | F169: 연구활동비 | G169: 외부 전문기술 활용비 | H169: 912000 | I169: 912000 | J169: 0 | K169: 0 | L169: 912000 | M169: 0 | N169: 0 | O169: 0 | P169: 0 | Q169: 0 | R169: 0 | S169: 0 | T169: 0 | U169: 0 | V169: 0 | W169: 0 | X169: 정상 | Y169: 1 | Z169: 1 | AA169: 0 | AB169: 0 | AE169: 미등록 | AG169: 실수령금액(기타)(실수령액)3기 융합전공 선발장학금 지급 | AI169: 실수령금액(기타)(실수령액)3기 융합전공 선발장학금 지급 | AJ169: N | AK169: N | AU169: 집행(이체) 완료 | AV169: N | AW169: 미등록 | AX169: 정상 | BA169: 미확정 | BF169: 현금 | BG169: 증빙우선 | BH169: 건별지급
A170: 2025.11.19 | B170: 2025.11.19 | C170: 2025.11.19 | D170: 기타증빙 | E170: 직접비 | F170: 연구활동비 | G170: 외부 전문기술 활용비 | H170: 912000 | I170: 912000 | J170: 0 | K170: 0 | L170: 912000 | M170: 0 | N170: 0 | O170: 0 | P170: 0 | Q170: 0 | R170: 0 | S170: 0 | T170: 0 | U170: 0 | V170: 0 | W170: 0 | X170: 정상 | Y170: 1 | Z170: 1 | AA170: 0 | AB170: 0 | AE170: 미등록 | AG170: 실수령금액(기타)(실수령액)3기 융합전공 선발장학금 지급 | AI170: 실수령금액(기타)(실수령액)3기 융합전공 선발장학금 지급 | AJ170: N | AK170: N | AU170: 집행(이체) 완료 | AV170: N | AW170: 미등록 | AX170: 정상 | BA170: 미확정 | BF170: 현금 | BG170: 증빙우선 | BH170: 건별지급
A171: 2025.11.19 | B171: 2025.11.19 | C171: 2025.11.19 | D171: 기타증빙 | E171: 직접비 | F171: 연구활동비 | G171: 외부 전문기술 활용비 | H171: 88000 | I171: 88000 | J171: 0 | K171: 0 | L171: 88000 | M171: 0 | N171: 0 | O171: 0 | P171: 0 | Q171: 0 | R171: 0 | S171: 0 | T171: 0 | U171: 0 | V171: 0 | W171: 0 | X171: 정상 | Y171: 0 | Z171: 0 | AA171: 0 | AB171: 0 | AE171: 미등록 | AG171: 공제금액(기타)(소득세외 1건)3기 융합전공 선발장학금 지급 | AI171: 공제금액(기타)(소득세외 1건)3기 융합전공 선발장학금 지급 | AJ171: N | AK171: N | AU171: 집행(이체) 완료 | AV171: N | AW171: 미등록 | AX171: 정상 | BA171: 미확정 | BF171: 현금 | BG171: 증빙우선 | BH171: 건별지급
A172: 2025.11.19 | B172: 2025.11.19 | C172: 2025.11.19 | D172: 기타증빙 | E172: 직접비 | F172: 연구활동비 | G172: 외부 전문기술 활용비 | H172: 88000 | I172: 88000 | J172: 0 | K172: 0 | L172: 88000 | M172: 0 | N172: 0 | O172: 0 | P172: 0 | Q172: 0 | R172: 0 | S172: 0 | T172: 0 | U172: 0 | V172: 0 | W172: 0 | X172: 정상 | Y172: 0 | Z172: 0 | AA172: 0 | AB172: 0 | AE172: 미등록 | AG172: 공제금액(기타)(소득세외 1건)3기 융합전공 선발장학금 지급 | AI172: 공제금액(기타)(소득세외 1건)3기 융합전공 선발장학금 지급 | AJ172: N | AK172: N | AU172: 집행(이체) 완료 | AV172: N | AW172: 미등록 | AX172: 정상 | BA172: 미확정 | BF172: 현금 | BG172: 증빙우선 | BH172: 건별지급
A173: 2025.11.19 | B173: 2025.11.19 | C173: 2025.11.19 | D173: 기타증빙 | E173: 직접비 | F173: 연구활동비 | G173: 외부 전문기술 활용비 | H173: 88000 | I173: 88000 | J173: 0 | K173: 0 | L173: 88000 | M173: 0 | N173: 0 | O173: 0 | P173: 0 | Q173: 0 | R173: 0 | S173: 0 | T173: 0 | U173: 0 | V173: 0 | W173: 0 | X173: 정상 | Y173: 0 | Z173: 0 | AA173: 0 | AB173: 0 | AE173: 미등록 | AG173: 공제금액(기타)(소득세외 1건)3기 융합전공 선발장학금 지급 | AI173: 공제금액(기타)(소득세외 1건)3기 융합전공 선발장학금 지급 | AJ173: N | AK173: N | AU173: 집행(이체) 완료 | AV173: N | AW173: 미등록 | AX173: 정상 | BA173: 미확정 | BF173: 현금 | BG173: 증빙우선 | BH173: 건별지급
A174: 2025.11.19 | B174: 2025.11.19 | C174: 2025.11.19 | D174: 기타증빙 | E174: 직접비 | F174: 연구활동비 | G174: 외부 전문기술 활용비 | H174: 912000 | I174: 912000 | J174: 0 | K174: 0 | L174: 912000 | M174: 0 | N174: 0 | O174: 0 | P174: 0 | Q174: 0 | R174: 0 | S174: 0 | T174: 0 | U174: 0 | V174: 0 | W174: 0 | X174: 정상 | Y174: 1 | Z174: 1 | AA174: 0 | AB174: 0 | AE174: 미등록 | AG174: 실수령금액(기타)(실수령액)3기 융합전공 선발장학금 지급 | AI174: 실수령금액(기타)(실수령액)3기 융합전공 선발장학금 지급 | AJ174: N | AK174: N | AU174: 집행(이체) 완료 | AV174: N | AW174: 미등록 | AX174: 정상 | BA174: 미확정 | BF174: 현금 | BG174: 증빙우선 | BH174: 건별지급
... A178: 2025.11.19 | B178: 2025.11.19 | C178: 2025.11.19 | D178: 기타증빙 | E178: 직접비 | F178: 연구활동비 | G178: 외부 전문기술 활용비 | H178: 912000 | I178: 912000 | J178: 0 | K178: 0 | L178: 912000 | M178: 0 | N178: 0 | O178: 0 | P178: 0 | Q178: 0 | R178: 0 | S178: 0 | T178: 0 | U178: 0 | V178: 0 | W178: 0 | X178: 정상 | Y178: 1 | Z178: 1 | AA178: 0 | AB178: 0 | AE178: 미등록 | AG178: 실수령금액(기타)(실수령액)3기 융합전공 선발장학금 지급 | AI178: 실수령금액(기타)(실수령액)3기 융합전공 선발장학금 지급 | AJ178: N | AK178: N | AU178: 집행(이체) 완료 | AV178: N | AW178: 미등록 | AX178: 정상 | BA178: 미확정 | BF178: 현금 | BG178: 증빙우선 | BH178: 건별지급
A179: 2025.11.18 | B179: 2025.12.05 | C179: 2025.12.04 | D179: 카드결제 | E179: 직접비 | F179: 연구활동비 | G179: 연구실운영비 | H179: 99900 | I179: 99900 | J179: 0 | K179: 0 | L179: 90819 | M179: 0 | N179: 0 | O179: 9081 | P179: 0 | Q179: 0 | R179: 0 | S179: 0 | T179: 0 | U179: 0 | V179: 0 | W179: 0 | X179: 정상 | Y179: 0 | Z179: 0 | AA179: 0 | AB179: 0 | AG179: [구매지출신청] 도시바 외장하드 1테라 저장장치 1TB 외장HDD ( | AI179: [구매지출신청] 도시바 외장하드 1테라 저장장치 1TB 외장HDD ( | AJ179: 네이버파이낸셜（주） | AK179: N | AM179: 5525-7642-1944-6438 | AN179: 48039399 | AO179: 2025.11.18 | AP179: 2025.11.19 | AQ179: 2025.12.15 | AR179: 99900 | AS179: 0 | AT179: 0 | AU179: 집행(이체) 완료 | AV179: N | AW179: 미등록 | AX179: 정상 | BA179: 미확정 | BF179: 현금 | BG179: 증빙우선 | BH179: 건별지급
A180: 2025.12.18 | B180: 2025.12.19 | C180: 2025.12.19 | D180: 전자(세금)계산서 | E180: 직접비 | F180: 연구시설·장비비 | G180: 연구시설ㆍ장비 구입ㆍ설치비 | H180: 93575000 | I180: 93575000 | J180: 0 | K180: 0 | L180: 85068182 | M180: 0 | N180: 0 | O180: 8506818 | P180: 0 | Q180: 0 | R180: 0 | S180: 0 | T180: 0 | U180: 0 | V180: 0 | W180: 0 | X180: 정상 | Y180: 1 | Z180: 1 | AA180: 0 | AB180: 0 | AD180: 시설 | AG180: 스위치 매트릭스 계약 | AI180: 스위치 매트릭스 계약 | AJ180: 주식회사 오티에스테크놀러지 | AK180: N | AU180: 집행(이체) 완료 | AV180: N | AW180: 미등록 | AX180: 미확정 | BA180: 미확정 | BF180: 현금 | BG180: 증빙우선 | BH180: 건별지급
A181: 2025.12.05 | B181: 2025.12.08 | C181: 2025.12.05 | D181: 전자(세금)계산서 | E181: 직접비 | F181: 연구시설·장비비 | G181: 연구시설ㆍ장비 구입ㆍ설치비 | H181: 95705550 | I181: 95705550 | J181: 0 | K181: 0 | L181: 87005045 | M181: 0 | N181: 0 | O181: 8700505 | P181: 0 | Q181: 0 | R181: 0 | S181: 0 | T181: 0 | U181: 0 | V181: 0 | W181: 0 | X181: 정상 | Y181: 1 | Z181: 1 | AA181: 0 | AB181: 0 | AD181: 시설 | AG181: 멀티 어레이 프로브카드 프로브스테이션 장비 구매 | AI181: 멀티 어레이 프로브카드 프로브스테이션 장비 구매 | AJ181: 주식회사 오티에스테크놀러지 | AK181: N | AU181: 집행(이체) 완료 | AV181: N | AW181: 미등록 | AX181: 미확정 | BA181: 미확정 | BF181: 현금 | BG181: 증빙우선 | BH181: 건별지급
A182: 2025.12.05 | B182: 2025.12.08 | C182: 2025.12.05 | D182: 전자(세금)계산서 | E182: 직접비 | F182: 연구시설·장비비 | G182: 연구시설ㆍ장비 구입ㆍ설치비 | H182: 96997000 | I182: 96997000 | J182: 0 | K182: 0 | L182: 88179091 | M182: 0 | N182: 0 | O182: 8817909 | P182: 0 | Q182: 0 | R182: 0 | S182: 0 | T182: 0 | U182: 0 | V182: 0 | W182: 0 | X182: 정상 | Y182: 1 | Z182: 1 | AA182: 0 | AB182: 0 | AD182: 시설 | AG182: 반도체특성분석기 (파라미터분석기) 구매 | AI182: 반도체특성분석기 (파라미터분석기) 구매 | AJ182: 주식회사 오티에스테크놀러지 | AK182: N | AU182: 집행(이체) 완료 | AV182: N | AW182: 미등록 | AX182: 미확정 | BA182: 미확정 | BF182: 현금 | BG182: 증빙우선 | BH182: 건별지급
A183: 2025.11.19 | B183: 2025.11.19 | C183: 2025.11.14 | D183: 기타증빙 | E183: 직접비 | F183: 연구활동비 | G183: 연구활동비 기타비용 | H183: 63360 | I183: 63360 | J183: 0 | K183: 0 | L183: 63360 | M183: 0 | N183: 0 | O183: 0 | P183: 0 | Q183: 0 | R183: 0 | S183: 0 | T183: 0 | U183: 0 | V183: 0 | W183: 0 | X183: 정상 | Y183: 0 | Z183: 0 | AA183: 0 | AB183: 0 | AG183: 공제금액(기타)(소득세외 1건)뉴로모픽 반도체 기술을 체계 | AI183: 공제금액(기타)(소득세외 1건)뉴로모픽 반도체 기술을 체계 | AJ183: N | AK183: N | AU183: 집행(이체) 완료 | AV183: N | AW183: 미등록 | AX183: 정상 | BA183: 미확정 | BF183: 현금 | BG183: 증빙우선 | BH183: 건별지급
A184: 2025.11.19 | B184: 2025.11.19 | C184: 2025.11.14 | D184: 기타증빙 | E184: 직접비 | F184: 연구활동비 | G184: 연구활동비 기타비용 | H184: 656640 | I184: 656640 | J184: 0 | K184: 0 | L184: 656640 | M184: 0 | N184: 0 | O184: 0 | P184: 0 | Q184: 0 | R184: 0 | S184: 0 | T184: 0 | U184: 0 | V184: 0 | W184: 0 | X184: 정상 | Y184: 1 | Z184: 1 | AA184: 0 | AB184: 0 | AG184: 실수령금액(기타)(실수령액)뉴로모픽 반도체 기술을 체계적 | AI184: 실수령금액(기타)(실수령액)뉴로모픽 반도체 기술을 체계적 | AJ184: N | AK184: N | AU184: 집행(이체) 완료 | AV184: N | AW184: 미등록 | AX184: 정상 | BA184: 미확정 | BF184: 현금 | BG184: 증빙우선 | BH184: 건별지급
...
